Season_Code,Competition_Name,Matchday_Number,Match_Date,Venue_HA,Team_Name,Opponent_Team,Match_Result,Player_Position,Goal_Minute,Score_When_Scored,Goal_Type,Goal_Assist_By,Full_Time_Home_Score,Full_Time_Away_Score,Score_Home,Score_Away
2004/05,LaLiga,34,2005-05-01,H,FC Barcelona,Albacete Balompie,2:00,CF,90+1,2:00,Left-footed shot,Ronaldinho Gaacho,2,0,2,0
2005/06,UEFA Champions League,Group Stage,2005-11-02,H,FC Barcelona,Panathinaikos Athens,5:00,RW,34,3:00,Left-footed shot,No assist,5,0,3,0
2005/06,LaLiga,13,2005-11-27,H,FC Barcelona,Racing Santander,4:01,RW,51,2:00,Left-footed shot,Samuel Etoo,4,1,2,0
2005/06,LaLiga,19,2006-01-15,H,FC Barcelona,Athletic Bilbao,2:01,RW,50,2:01,Left-footed shot,Mark van Bommel,2,1,2,1
2005/06,LaLiga,20,2006-01-22,H,FC Barcelona,Deportivo Alaves,2:00,CF,82,2:00,Left-footed shot,Ronaldinho Gaacho,2,0,2,0
2005/06,LaLiga,21,2006-01-29,A,FC Barcelona,RCD Mallorca,0:03,CF,75,0:02,Right-footed shot,Sylvinho,0,3,0,2
2005/06,LaLiga,21,2006-01-29,A,FC Barcelona,RCD Mallorca,0:03,CF,83,0:03,Left-footed shot,Ronaldinho Gaacho,0,3,0,3
2005/06,Copa del Rey,Quarter-Finals,2006-02-01,H,FC Barcelona,Real Zaragoza,2:01,CF,42,1:00,Header,Ludovic Giuly,2,1,1,0
2005/06,LaLiga,24,2006-02-18,H,FC Barcelona,Real Betis Balompie,5:01,RW,84,5:01,Left-footed shot,No assist,5,1,5,1
2006/07,LaLiga,1,2006-08-28,A,FC Barcelona,Celta de Vigo,2:03,LW,59,1:02,Left-footed shot,Andres Iniesta,2,3,1,2
2006/07,LaLiga,2,2006-09-09,H,FC Barcelona,CA Osasuna,3:00,RW,36,3:00,Left-footed shot,Samuel Etoo,3,0,3,0
2006/07,UEFA Champions League,Group Stage,2006-09-27,A,FC Barcelona,SV Werder Bremen,1:01,RW,89,1:01,Left-footed shot,Deco,1,1,1,1
2006/07,LaLiga,6,2006-10-15,H,FC Barcelona,Sevilla FC,3:01,RW,80,3:01,Right-footed shot,Xavi,3,1,3,1
2006/07,LaLiga,26,2007-03-10,H,FC Barcelona,Real Madrid,3:03,RW,11,1:01,Left-footed shot,Samuel Etoo,3,3,1,1
2006/07,LaLiga,26,2007-03-10,H,FC Barcelona,Real Madrid,3:03,RW,28,2:02,Left-footed shot,No assist,3,3,2,2
2006/07,LaLiga,26,2007-03-10,H,FC Barcelona,Real Madrid,3:03,RW,90+1,3:03,Left-footed shot,Ronaldinho Gaacho,3,3,3,3
2006/07,LaLiga,27,2007-03-17,A,FC Barcelona,Recreativo Huelva,0:04,RW,86,0:04,Left-footed shot,No assist,0,4,0,4
2006/07,LaLiga,28,2007-03-31,H,FC Barcelona,Deportivo de La Coruaa,2:01,RW,45,1:00,Left-footed shot,Ronaldinho Gaacho,2,1,1,0
2006/07,Copa del Rey,Semi-Finals,2007-04-18,H,FC Barcelona,Getafe CF,5:02,RW,29,2:00,Solo run,Xavi,5,2,2,0
2006/07,Copa del Rey,Semi-Finals,2007-04-18,H,FC Barcelona,Getafe CF,5:02,RW,45,3:00,Left-footed shot,Deco,5,2,3,0
2006/07,LaLiga,35,2007-05-20,A,FC Barcelona,Atletico de Madrid,0:06,RW,39,0:01,Left-footed shot,Samuel Etoo,0,6,0,1
2006/07,LaLiga,35,2007-05-20,A,FC Barcelona,Atletico de Madrid,0:06,RW,80,0:05,Left-footed shot,Giovanni van Bronckhorst,0,6,0,5
2006/07,LaLiga,37,2007-06-09,H,FC Barcelona,RCD Espanyol Barcelona,2:02,RW,43,1:01,Desconocido,Gianluca Zambrotta,2,2,1,1
2006/07,LaLiga,37,2007-06-09,H,FC Barcelona,RCD Espanyol Barcelona,2:02,RW,57,2:01,Right-footed shot,Deco,2,2,2,1
2006/07,LaLiga,38,2007-06-17,A,FC Barcelona,Gimnastic de Tarragona,1:05,RW,34,0:02,Left-footed shot,Deco,1,5,0,2
2006/07,LaLiga,38,2007-06-17,A,FC Barcelona,Gimnastic de Tarragona,1:05,RW,51,0:04,Left-footed shot,Deco,1,5,0,4
2007/08,UEFA Champions League,Group Stage,2007-09-19,H,FC Barcelona,Olympique Lyon,3:00,RW,82,2:00,Left-footed shot,Andres Iniesta,3,0,2,0
2007/08,LaLiga,4,2007-09-22,H,FC Barcelona,Sevilla FC,2:01,RW,72,1:00,Left-footed shot,Thierry Henry,2,1,1,0
2007/08,LaLiga,4,2007-09-22,H,FC Barcelona,Sevilla FC,2:01,RW,79,2:00,Penalty,No assist,2,1,2,0
2007/08,LaLiga,5,2007-09-26,H,FC Barcelona,Real Zaragoza,4:01,RW,5,1:00,Left-footed shot,Thierry Henry,4,1,1,0
2007/08,LaLiga,5,2007-09-26,H,FC Barcelona,Real Zaragoza,4:01,RW,10,2:01,Left-footed shot,Deco,4,1,2,1
2007/08,LaLiga,6,2007-09-29,A,FC Barcelona,Levante UD,1:04,RW,50,0:04,Left-footed shot,Deco,1,4,0,4
2007/08,UEFA Champions League,Group Stage,2007-10-02,A,FC Barcelona,VfB Stuttgart,0:02,RW,66,0:02,Deflected shot on goal,Thierry Henry,0,2,0,2
2007/08,LaLiga,7,2007-10-07,H,FC Barcelona,Atletico de Madrid,3:00,RW,19,2:00,Left-footed shot,Ronaldinho Gaacho,3,0,2,0
2007/08,LaLiga,9,2007-10-28,H,FC Barcelona,UD Almera,2:00,RW,80,2:00,Penalty,No assist,2,0,2,0
2007/08,UEFA Champions League,Group Stage,2007-11-07,H,FC Barcelona,Rangers FC,2:00,RW,41,2:00,Left-footed shot,Ronaldinho Gaacho,2,0,2,0
2007/08,LaLiga,13,2007-11-24,H,FC Barcelona,Recreativo Huelva,3:00,RW,81,3:00,Penalty,No assist,3,0,3,0
2007/08,UEFA Champions League,Group Stage,2007-11-27,A,FC Barcelona,Olympique Lyon,2:02,RW,58,1:02,Penalty,No assist,2,2,1,2
2007/08,UEFA Champions League,last 16,2008-02-20,A,FC Barcelona,Celtic FC,2:03,RW,18,1:01,Left-footed shot,Deco,2,3,1,1
2007/08,UEFA Champions League,last 16,2008-02-20,A,FC Barcelona,Celtic FC,2:03,RW,79,2:03,Left-footed shot,No assist,2,3,2,3
2007/08,LaLiga,25,2008-02-24,H,FC Barcelona,Levante UD,5:01,RW,44,2:01,Left-footed shot,Xavi,5,1,2,1
2007/08,LaLiga,35,2008-05-04,H,FC Barcelona,Valencia CF,6:00,RW,5,1:00,Penalty,No assist,6,0,1,0
2008/09,LaLiga,2,2008-09-13,H,FC Barcelona,Racing Santander,1:01,RW,70,1:00,Penalty,No assist,1,1,1,0
2008/09,LaLiga,3,2008-09-21,A,FC Barcelona,Sporting GijÃÂ³n,1:06,RW,85,1:05,Left-footed shot,Andres Iniesta,1,6,1,5
2008/09,LaLiga,3,2008-09-21,A,FC Barcelona,Sporting GijÃÂ³n,1:06,RW,89,1:06,Header,Xavi,1,6,1,6
2008/09,LaLiga,5,2008-09-27,A,FC Barcelona,RCD Espanyol Barcelona,1:02,RW,90,1:02,Penalty,No assist,1,2,1,2
2008/09,UEFA Champions League,Group Stage,2008-10-01,A,FC Barcelona,Shakhtar Donetsk,1:02,RW,87,1:01,Right-footed shot,Bojan Krkic,1,2,1,1
2008/09,UEFA Champions League,Group Stage,2008-10-01,A,FC Barcelona,Shakhtar Donetsk,1:02,RW,90+2,1:02,Left-footed shot,Xavi,1,2,1,2
2008/09,LaLiga,6,2008-10-04,H,FC Barcelona,Atletico de Madrid,6:01,RW,8,3:00,Direct free kick,No assist,6,1,3,0
2008/09,UEFA Champions League,Group Stage,2008-10-22,A,FC Barcelona,FC Basel 1893,0:05,CF,4,0:01,Left-footed shot,Dani Alves,0,5,0,1
2008/09,LaLiga,9,2008-11-01,A,FC Barcelona,Malaga CF,1:04,RW,19,1:02,Left-footed shot,No assist,1,4,1,2
2008/09,UEFA Champions League,Group Stage,2008-11-04,H,FC Barcelona,FC Basel 1893,1:01,RW,61,1:00,Left-footed shot,Thierry Henry,1,1,1,0
2008/09,Copa del Rey,Fifth Round,2008-11-12,H,FC Barcelona,Benidorm CD,1:00,RW,86,1:00,Penalty rebound,No assist,1,0,1,0
2008/09,LaLiga,11,2008-11-16,A,FC Barcelona,Recreativo Huelva,0:02,RW,51,0:01,Left-footed shot,Xavi,0,2,0,1
2008/09,UEFA Champions League,Group Stage,2008-11-26,A,FC Barcelona,Sporting CP,2:05,RW,49,0:03,Left-footed shot,Dani Alves,2,5,0,3
2008/09,LaLiga,13,2008-11-29,A,FC Barcelona,Sevilla FC,0:03,RW,78,0:02,Left-footed shot,Xavi,0,3,0,2
2008/09,LaLiga,13,2008-11-29,A,FC Barcelona,Sevilla FC,0:03,RW,90+2,0:03,Left-footed shot,Aleksandr Hleb,0,3,0,3
2008/09,LaLiga,15,2008-12-13,H,FC Barcelona,Real Madrid,2:00,RW,89,2:00,Counter attack goal,Thierry Henry,2,0,2,0
2008/09,Copa del Rey,Round of 16,2009-01-06,A,FC Barcelona,Atletico de Madrid,1:03,RW,11,0:01,Left-footed shot,Dani Alves,1,3,0,1
2008/09,Copa del Rey,Round of 16,2009-01-06,A,FC Barcelona,Atletico de Madrid,1:03,RW,57,0:02,Penalty,No assist,1,3,0,2
2008/09,Copa del Rey,Round of 16,2009-01-06,A,FC Barcelona,Atletico de Madrid,1:03,RW,79,1:03,Right-footed shot,Andres Iniesta,1,3,1,3
2008/09,LaLiga,18,2009-01-11,A,FC Barcelona,CA Osasuna,2:03,RW,84,2:03,Left-footed shot,Dani Alves,2,3,2,3
2008/09,LaLiga,19,2009-01-17,H,FC Barcelona,Deportivo de La Coruaa,5:00,RW,21,1:00,Left-footed shot,No assist,5,0,1,0
2008/09,LaLiga,20,2009-01-24,H,FC Barcelona,CD Numancia,4:01,RW,49,1:00,Left-footed shot,Dani Alves,4,1,1,0
2008/09,LaLiga,20,2009-01-24,H,FC Barcelona,CD Numancia,4:01,RW,76,4:01,Right-footed shot,No assist,4,1,4,1
2008/09,LaLiga,21,2009-02-01,A,FC Barcelona,Racing Santander,1:02,RW,65,1:01,Right-footed shot,Xavi,1,2,1,1
2008/09,LaLiga,21,2009-02-01,A,FC Barcelona,Racing Santander,1:02,RW,81,1:02,Right-footed shot,No assist,1,2,1,2
2008/09,LaLiga,25,2009-03-01,A,FC Barcelona,Atletico de Madrid,4:03,RW,30,0:02,Left-footed shot,No assist,4,3,0,2
2008/09,Copa del Rey,Semi-Finals,2009-03-04,A,FC Barcelona,RCD Mallorca,1:01,RW,81,1:01,Left-footed shot,Gerard Pique,1,1,1,1
2008/09,LaLiga,26,2009-03-07,H,FC Barcelona,Athletic Bilbao,2:00,RW,31,2:00,Penalty,No assist,2,0,2,0
2008/09,UEFA Champions League,last 16,2009-03-11,H,FC Barcelona,Olympique Lyon,5:02,RW,40,3:00,Left-footed shot,Samuel Etoo,5,2,3,0
2008/09,LaLiga,28,2009-03-22,H,FC Barcelona,Malaga CF,6:00,RW,26,2:00,Right-footed shot,Xavi,6,0,2,0
2008/09,UEFA Champions League,Quarter-Finals,2009-04-08,H,FC Barcelona,Bayern Munich,4:00,RW,9,1:00,Left-footed shot,Samuel Etoo,4,0,1,0
2008/09,UEFA Champions League,Quarter-Finals,2009-04-08,H,FC Barcelona,Bayern Munich,4:00,RW,38,3:00,Right-footed shot,Thierry Henry,4,0,3,0
2008/09,LaLiga,31,2009-04-18,A,FC Barcelona,Getafe CF,0:01,RW,18,0:01,Left-footed shot,Xavi,0,1,0,1
2008/09,LaLiga,33,2009-04-25,A,FC Barcelona,Valencia CF,2:02,RW,23,0:01,Left-footed shot,Andres Iniesta,2,2,0,1
2008/09,LaLiga,34,2009-05-02,A,FC Barcelona,Real Madrid,2:06,CF,35,1:03,Left-footed shot,Xavi,2,6,1,3
2008/09,LaLiga,34,2009-05-02,A,FC Barcelona,Real Madrid,2:06,CF,75,2:05,Left-footed shot,Xavi,2,6,2,5
2008/09,Copa del Rey,Final,2009-05-13,H,FC Barcelona,Athletic Bilbao,4:01,RW,55,2:01,Left-footed shot,Samuel Etoo,4,1,2,1
2008/09,UEFA Champions League,Final,2009-05-27,H,FC Barcelona,Manchester United,2:00,CF,70,2:00,Header,Xavi,2,0,2,0
2009/10,Supercopa,final,2009-08-23,H,FC Barcelona,Athletic Bilbao,3:00,RW,50,1:00,Right-footed shot,Zlatan Ibrahimovic,3,0,1,0
2009/10,Supercopa,final,2009-08-23,H,FC Barcelona,Athletic Bilbao,3:00,RW,68,2:00,Penalty,No assist,3,0,2,0
2009/10,LaLiga,2,2009-09-12,A,FC Barcelona,Getafe CF,0:02,RW,78,0:02,Header,Zlatan Ibrahimovic,0,2,0,2
2009/10,LaLiga,3,2009-09-19,H,FC Barcelona,Atletico de Madrid,5:02,RW,15,2:00,Left-footed shot,Xavi,5,2,2,0
2009/10,LaLiga,3,2009-09-19,H,FC Barcelona,Atletico de Madrid,5:02,RW,90+3,5:02,Right-footed shot,Dani Alves,5,2,5,2
2009/10,LaLiga,4,2009-09-22,A,FC Barcelona,Racing Santander,1:04,RW,23,0:02,Left-footed shot,Xavi,1,4,0,2
2009/10,LaLiga,4,2009-09-22,A,FC Barcelona,Racing Santander,1:04,RW,63,0:04,Left-footed shot,Xavi,1,4,0,4
2009/10,UEFA Champions League,Group Stage,2009-09-29,H,FC Barcelona,Dynamo Kyiv,2:00,RW,25,1:00,Left-footed shot,Andres Iniesta,2,0,1,0
2009/10,LaLiga,8,2009-10-25,H,FC Barcelona,Real Zaragoza,6:01,RW,80,5:01,Left-footed shot,Andres Iniesta,6,1,5,1
2009/10,LaLiga,10,2009-11-07,H,FC Barcelona,RCD Mallorca,4:02,RW,86,4:01,Penalty,No assist,4,2,4,1
2009/10,Copa del Rey,5th round,2009-11-10,H,FC Barcelona,Cultural Leonesa,5:00,RW,64,4:00,Left-footed shot,Pedro,5,0,4,0
2009/10,LaLiga,13,2009-12-05,A,FC Barcelona,Deportivo de La Coruaa,1:03,RW,26,0:01,Left-footed shot,Dani Alves,1,3,0,1
2009/10,LaLiga,13,2009-12-05,A,FC Barcelona,Deportivo de La Coruaa,1:03,RW,80,1:02,Header,Pedro,1,3,1,2
2009/10,UEFA Champions League,Group Stage,2009-12-09,A,FC Barcelona,Dynamo Kyiv,1:02,RW,86,1:02,Direct free kick,No assist,1,2,1,2
2009/10,FIFA Club World Cup,Semi-Finals,2009-12-16,A,FC Barcelona,CF Atlante,1:03,RW,55,1:02,Left-footed shot,Zlatan Ibrahimovic,1,3,1,2
2009/10,FIFA Club World Cup,Final,2009-12-19,A,FC Barcelona,Club Estudiantes de La Plata,1:2 AET,RW,110,1:02,Chest,Dani Alves,1,0,1,2
2009/10,LaLiga,17,2010-01-10,A,FC Barcelona,CD Tenerife,0:05,RW,36,0:01,Left-footed shot,Bojan Krkic,0,5,0,1
2009/10,LaLiga,17,2010-01-10,A,FC Barcelona,CD Tenerife,0:05,RW,45,0:03,Right-footed shot,Bojan Krkic,0,5,0,3
2009/10,LaLiga,17,2010-01-10,A,FC Barcelona,CD Tenerife,0:05,RW,75,0:04,Left-footed shot,Bojan Krkic,0,5,0,4
2009/10,LaLiga,18,2010-01-16,H,FC Barcelona,Sevilla FC,4:00,RW,85,3:00,Left-footed shot,Dani Alves,4,0,3,0
2009/10,LaLiga,18,2010-01-16,H,FC Barcelona,Sevilla FC,4:00,RW,90+1,4:00,Left-footed shot,Ãâ°ric Abidal,4,0,4,0
2009/10,LaLiga,19,2010-01-23,A,FC Barcelona,Real Valladolid CF,0:03,RW,54,0:03,Left-footed shot,Zlatan Ibrahimovic,0,3,0,3
2009/10,LaLiga,21,2010-02-06,H,FC Barcelona,Getafe CF,2:01,RW,7,1:00,Left-footed shot,Yaya Toure,2,1,1,0
2009/10,LaLiga,24,2010-02-27,H,FC Barcelona,Malaga CF,2:01,RW,84,2:01,Right-footed shot,Dani Alves,2,1,2,1
2009/10,LaLiga,25,2010-03-06,A,FC Barcelona,UD Almera,2:02,RW,42,1:01,Direct free kick,No assist,2,2,1,1
2009/10,LaLiga,25,2010-03-06,A,FC Barcelona,UD Almera,2:02,RW,66,2:02,Left-footed shot,No assist,2,2,2,2
2009/10,LaLiga,26,2010-03-14,H,FC Barcelona,Valencia CF,3:00,CF,56,1:00,Left-footed shot,Xavi,3,0,1,0
2009/10,LaLiga,26,2010-03-14,H,FC Barcelona,Valencia CF,3:00,CF,80,2:00,Left-footed shot,Thierry Henry,3,0,2,0
2009/10,LaLiga,26,2010-03-14,H,FC Barcelona,Valencia CF,3:00,CF,82,3:00,Right-footed shot,Thierry Henry,3,0,3,0
2009/10,UEFA Champions League,last 16,2010-03-17,H,FC Barcelona,VfB Stuttgart,4:00,CF,13,1:00,Left-footed shot,Yaya Toure,4,0,1,0
2009/10,UEFA Champions League,last 16,2010-03-17,H,FC Barcelona,VfB Stuttgart,4:00,CF,56,3:00,Left-footed shot,Dani Alves,4,0,3,0
2009/10,LaLiga,27,2010-03-21,A,FC Barcelona,Real Zaragoza,2:04,RW,4,0:01,Header,Pedro,2,4,0,1
2009/10,LaLiga,27,2010-03-21,A,FC Barcelona,Real Zaragoza,2:04,RW,65,0:02,Left-footed shot,No assist,2,4,0,2
2009/10,LaLiga,27,2010-03-21,A,FC Barcelona,Real Zaragoza,2:04,RW,78,0:03,Left-footed shot,Andres Iniesta,2,4,0,3
2009/10,LaLiga,30,2010-04-03,H,FC Barcelona,Athletic Bilbao,4:01,CF,67,4:00,Left-footed shot,Pedro,4,1,4,0
2009/10,UEFA Champions League,Quarter-Finals,2010-04-06,H,FC Barcelona,Arsenal FC,4:01,CF,21,1:01,Left-footed shot,No assist,4,1,1,1
2009/10,UEFA Champions League,Quarter-Finals,2010-04-06,H,FC Barcelona,Arsenal FC,4:01,CF,37,2:01,Right-footed shot,Pedro,4,1,2,1
2009/10,UEFA Champions League,Quarter-Finals,2010-04-06,H,FC Barcelona,Arsenal FC,4:01,CF,42,3:01,Left-footed shot,Seydou Keita,4,1,3,1
2009/10,UEFA Champions League,Quarter-Finals,2010-04-06,H,FC Barcelona,Arsenal FC,4:01,CF,88,4:01,Left-footed shot,Xavi,4,1,4,1
2009/10,LaLiga,31,2010-04-10,A,FC Barcelona,Real Madrid,0:02,CF,32,0:01,Right-footed shot,Xavi,0,2,0,1
2009/10,LaLiga,35,2010-05-01,A,FC Barcelona,Villarreal CF,1:04,RW,18,0:01,Left-footed shot,Xavi,1,4,0,1
2009/10,LaLiga,35,2010-05-01,A,FC Barcelona,Villarreal CF,1:04,RW,87,1:04,Left-footed shot,Dani Alves,1,4,1,4
2009/10,LaLiga,36,2010-05-04,H,FC Barcelona,CD Tenerife,4:01,RW,16,1:00,Right-footed shot,Zlatan Ibrahimovic,4,1,1,0
2009/10,LaLiga,36,2010-05-04,H,FC Barcelona,CD Tenerife,4:01,RW,90+3,4:01,Right-footed shot,Dani Alves,4,1,4,1
2009/10,LaLiga,37,2010-05-08,A,FC Barcelona,Sevilla FC,2:03,RW,5,0:01,Left-footed shot,Maxwell,2,3,0,1
2009/10,LaLiga,38,2010-05-16,H,FC Barcelona,Real Valladolid CF,4:00,RW,61,3:00,Right-footed shot,Yaya Toure,4,0,3,0
2009/10,LaLiga,38,2010-05-16,H,FC Barcelona,Real Valladolid CF,4:00,RW,74,4:00,Left-footed shot,Yaya Toure,4,0,4,0
2010/11,Supercopa,final,2010-08-21,H,FC Barcelona,Sevilla FC,4:00,RW,25,2:00,Left-footed shot,Xavi,4,0,2,0
2010/11,Supercopa,final,2010-08-21,H,FC Barcelona,Sevilla FC,4:00,RW,43,3:00,Right-footed shot,Dani Alves,4,0,3,0
2010/11,Supercopa,final,2010-08-21,H,FC Barcelona,Sevilla FC,4:00,RW,90+1,4:00,Left-footed shot,Andres Iniesta,4,0,4,0
2010/11,LaLiga,1,2010-08-29,A,FC Barcelona,Racing Santander,0:03,RW,3,0:01,Left-footed shot,Andres Iniesta,0,3,0,1
2010/11,UEFA Champions League,Group Stage,2010-09-14,H,FC Barcelona,Panathinaikos Athens,5:01,CF,22,1:01,Left-footed shot,Xavi,5,1,1,1
2010/11,UEFA Champions League,Group Stage,2010-09-14,H,FC Barcelona,Panathinaikos Athens,5:01,CF,45,3:01,Left-footed shot,Pedro,5,1,3,1
2010/11,LaLiga,3,2010-09-19,A,FC Barcelona,Atletico de Madrid,1:02,CF,12,0:01,Left-footed shot,Pedro,1,2,0,1
2010/11,LaLiga,6,2010-10-03,H,FC Barcelona,RCD Mallorca,1:01,CF,20,1:00,Left-footed shot,Pedro,1,1,1,0
2010/11,UEFA Champions League,Group Stage,2010-10-20,H,FC Barcelona,FC Copenhagen,2:00,CF,18,1:00,Left-footed shot,Andres Iniesta,2,0,1,0
2010/11,UEFA Champions League,Group Stage,2010-10-20,H,FC Barcelona,FC Copenhagen,2:00,CF,90+1,2:00,Left-footed shot,Ãâ°ric Abidal,2,0,2,0
2010/11,LaLiga,8,2010-10-23,A,FC Barcelona,Real Zaragoza,0:02,CF,41,0:01,Left-footed shot,David Villa,0,2,0,1
2010/11,LaLiga,8,2010-10-23,A,FC Barcelona,Real Zaragoza,0:02,CF,65,0:02,Left-footed shot,No assist,0,2,0,2
2010/11,LaLiga,9,2010-10-30,H,FC Barcelona,Sevilla FC,5:00,RW,4,1:00,Left-footed shot,No assist,5,0,1,0
2010/11,LaLiga,9,2010-10-30,H,FC Barcelona,Sevilla FC,5:00,RW,63,4:00,Left-footed shot,No assist,5,0,4,0
2010/11,UEFA Champions League,Group Stage,2010-11-02,A,FC Barcelona,FC Copenhagen,1:01,CF,31,0:01,Right-footed shot,No assist,1,1,0,1
2010/11,LaLiga,10,2010-11-07,A,FC Barcelona,Getafe CF,1:03,CF,23,0:01,Left-footed shot,David Villa,1,3,0,1
2010/11,Copa del Rey,4th round,2010-11-10,H,FC Barcelona,Club Atletico de Ceuta,5:01,RW,67,5:01,Left-footed shot,Thiago,5,1,5,1
2010/11,LaLiga,11,2010-11-13,H,FC Barcelona,Villarreal CF,3:01,CF,58,2:01,Right-footed shot,Pedro,3,1,2,1
2010/11,LaLiga,11,2010-11-13,H,FC Barcelona,Villarreal CF,3:01,CF,83,3:01,Left-footed shot,Pedro,3,1,3,1
2010/11,LaLiga,12,2010-11-20,A,FC Barcelona,UD Almera,0:08,CF,16,0:01,Left-footed shot,David Villa,0,8,0,1
2010/11,LaLiga,12,2010-11-20,A,FC Barcelona,UD Almera,0:08,CF,36,0:05,Tap-in,No assist,0,8,0,5
2010/11,LaLiga,12,2010-11-20,A,FC Barcelona,UD Almera,0:08,CF,67,0:07,Tap-in,David Villa,0,8,0,7
2010/11,UEFA Champions League,Group Stage,2010-11-24,A,FC Barcelona,Panathinaikos Athens,0:03,CF,63,0:02,Left-footed shot,Adriano,0,3,0,2
2010/11,LaLiga,14,2010-12-04,A,FC Barcelona,CA Osasuna,0:03,CF,64,0:02,Left-footed shot,David Villa,0,3,0,2
2010/11,LaLiga,14,2010-12-04,A,FC Barcelona,CA Osasuna,0:03,CF,82,0:03,Penalty,No assist,0,3,0,3
2010/11,LaLiga,15,2010-12-12,H,FC Barcelona,Real Sociedad,5:00,CF,46,3:00,Left-footed shot,Dani Alves,5,0,3,0
2010/11,LaLiga,15,2010-12-12,H,FC Barcelona,Real Sociedad,5:00,CF,86,4:00,Left-footed shot,Bojan Krkic,5,0,4,0
2010/11,LaLiga,18,2011-01-08,A,FC Barcelona,Deportivo de La Coruaa,0:04,CF,51,0:02,Direct free kick,No assist,0,4,0,2
2010/11,Copa del Rey,Quarter-Finals,2011-01-12,H,FC Barcelona,Real Betis Balompie,5:00,CF,44,1:00,Left-footed shot,Andres Iniesta,5,0,1,0
2010/11,Copa del Rey,Quarter-Finals,2011-01-12,H,FC Barcelona,Real Betis Balompie,5:00,CF,63,2:00,Left-footed shot,No assist,5,0,2,0
2010/11,Copa del Rey,Quarter-Finals,2011-01-12,H,FC Barcelona,Real Betis Balompie,5:00,CF,73,3:00,Left-footed shot,Xavi,5,0,3,0
2010/11,Copa del Rey,Quarter-Finals,2011-01-19,A,FC Barcelona,Real Betis Balompie,3:01,RW,37,2:01,Left-footed shot,Xavi,3,1,2,1
2010/11,LaLiga,20,2011-01-22,H,FC Barcelona,Racing Santander,3:00,CF,33,2:00,Penalty,No assist,3,0,2,0
2010/11,Copa del Rey,Semi-Finals,2011-01-26,H,FC Barcelona,UD Almera,5:00,CF,9,1:00,Left-footed shot,Pedro,5,0,1,0
2010/11,Copa del Rey,Semi-Finals,2011-01-26,H,FC Barcelona,UD Almera,5:00,CF,15,3:00,Left-footed shot,Andres Iniesta,5,0,3,0
2010/11,LaLiga,21,2011-01-29,A,FC Barcelona,Hercules CF,0:03,CF,87,0:02,Left-footed shot,Dani Alves,0,3,0,2
2010/11,LaLiga,21,2011-01-29,A,FC Barcelona,Hercules CF,0:03,CF,89,0:03,Left-footed shot,Dani Alves,0,3,0,3
2010/11,LaLiga,22,2011-02-05,H,FC Barcelona,Atletico de Madrid,3:00,CF,16,1:00,Left-footed shot,Dani Alves,3,0,1,0
2010/11,LaLiga,22,2011-02-05,H,FC Barcelona,Atletico de Madrid,3:00,CF,28,2:00,Left-footed shot,Pedro,3,0,2,0
2010/11,LaLiga,22,2011-02-05,H,FC Barcelona,Atletico de Madrid,3:00,CF,78,3:00,Left-footed shot,David Villa,3,0,3,0
2010/11,LaLiga,24,2011-02-20,H,FC Barcelona,Athletic Bilbao,2:01,CF,78,2:01,Right-footed shot,Dani Alves,2,1,2,1
2010/11,LaLiga,25,2011-02-26,A,FC Barcelona,RCD Mallorca,0:03,CF,38,0:01,Header,Seydou Keita,0,3,0,1
2010/11,LaLiga,26,2011-03-02,A,FC Barcelona,Valencia CF,0:01,CF,77,0:01,Left-footed shot,Adriano,0,1,0,1
2010/11,UEFA Champions League,last 16,2011-03-08,H,FC Barcelona,Arsenal FC,3:01,RW,49,1:00,Left-footed shot,Andres Iniesta,3,1,1,0
2010/11,UEFA Champions League,last 16,2011-03-08,H,FC Barcelona,Arsenal FC,3:01,RW,72,3:01,Penalty,No assist,3,1,3,1
2010/11,LaLiga,31,2011-04-09,H,FC Barcelona,UD Almera,3:01,CF,52,1:01,Penalty,No assist,3,1,1,1
2010/11,LaLiga,31,2011-04-09,H,FC Barcelona,UD Almera,3:01,CF,90+1,3:01,Left-footed shot,Seydou Keita,3,1,3,1
2010/11,UEFA Champions League,Quarter-Finals,2011-04-12,A,FC Barcelona,Shakhtar Donetsk,0:01,CF,42,0:01,Left-footed shot,Dani Alves,0,1,0,1
2010/11,LaLiga,32,2011-04-16,A,FC Barcelona,Real Madrid,1:01,CF,53,0:01,Penalty,No assist,1,1,0,1
2010/11,LaLiga,33,2011-04-23,H,FC Barcelona,CA Osasuna,2:00,CF,87,2:00,Right-footed shot,Dani Alves,2,0,2,0
2010/11,UEFA Champions League,Semi-Finals,2011-04-27,A,FC Barcelona,Real Madrid,0:02,CF,76,0:01,Left-footed shot,Ibrahim Afellay,0,2,0,1
2010/11,UEFA Champions League,Semi-Finals,2011-04-27,A,FC Barcelona,Real Madrid,0:02,CF,87,0:02,Solo run,Sergio Busquets,0,2,0,2
2010/11,UEFA Champions League,Final,2011-05-28,H,FC Barcelona,Manchester United,3:01,CF,54,2:01,Left-footed shot,Andres Iniesta,3,1,2,1
2011/12,Supercopa,final,2011-08-14,A,FC Barcelona,Real Madrid,2:02,CF,45,1:02,Left-footed shot,Thiago,2,2,1,2
2011/12,Supercopa,final,2011-08-17,H,FC Barcelona,Real Madrid,3:02,CF,44,2:01,Right-footed shot,Gerard Pique,3,2,2,1
2011/12,Supercopa,final,2011-08-17,H,FC Barcelona,Real Madrid,3:02,CF,88,3:02,Left-footed shot,Adriano,3,2,3,2
2011/12,UEFA Super Cup,Final,2011-08-26,H,FC Barcelona,FC Porto,2:00,CF,39,1:00,Left-footed shot,No assist,2,0,1,0
2011/12,LaLiga,2,2011-08-29,H,FC Barcelona,Villarreal CF,5:00,CF,51,4:00,Right-footed shot,Andres Iniesta,5,0,4,0
2011/12,LaLiga,2,2011-08-29,H,FC Barcelona,Villarreal CF,5:00,CF,74,5:00,Left-footed shot,Thiago,5,0,5,0
2011/12,LaLiga,4,2011-09-17,H,FC Barcelona,CA Osasuna,8:00,CF,5,1:00,Left-footed shot,Dani Alves,8,0,1,0
2011/12,LaLiga,4,2011-09-17,H,FC Barcelona,CA Osasuna,8:00,CF,41,5:00,Left-footed shot,Cesc Fabregas,8,0,5,0
2011/12,LaLiga,4,2011-09-17,H,FC Barcelona,CA Osasuna,8:00,CF,79,8:00,Left-footed shot,Cesc Fabregas,8,0,8,0
2011/12,LaLiga,6,2011-09-24,H,FC Barcelona,Atletico de Madrid,5:00,CF,26,3:00,Left-footed shot,Pedro,5,0,3,0
2011/12,LaLiga,6,2011-09-24,H,FC Barcelona,Atletico de Madrid,5:00,CF,78,4:00,Left-footed shot,Dani Alves,5,0,4,0
2011/12,LaLiga,6,2011-09-24,H,FC Barcelona,Atletico de Madrid,5:00,CF,90+1,5:00,Left-footed shot,David Villa,5,0,5,0
2011/12,UEFA Champions League,Group Stage,2011-09-28,A,FC Barcelona,BATE Borisov,0:05,CF,38,0:03,Header,No assist,0,5,0,3
2011/12,UEFA Champions League,Group Stage,2011-09-28,A,FC Barcelona,BATE Borisov,0:05,CF,56,0:04,Left-footed shot,Dani Alves,0,5,0,4
2011/12,LaLiga,8,2011-10-15,H,FC Barcelona,Racing Santander,3:00,CF,11,1:00,Right-footed shot,Andres Iniesta,3,0,1,0
2011/12,LaLiga,8,2011-10-15,H,FC Barcelona,Racing Santander,3:00,CF,69,3:00,Right-footed shot,No assist,3,0,3,0
2011/12,LaLiga,11,2011-10-29,H,FC Barcelona,RCD Mallorca,5:00,CF,13,1:00,Penalty,No assist,5,0,1,0
2011/12,LaLiga,11,2011-10-29,H,FC Barcelona,RCD Mallorca,5:00,CF,21,2:00,Right-footed shot,Adriano,5,0,2,0
2011/12,LaLiga,11,2011-10-29,H,FC Barcelona,RCD Mallorca,5:00,CF,30,3:00,Left-footed shot,Dani Alves,5,0,3,0
2011/12,UEFA Champions League,Group Stage,2011-11-01,A,FC Barcelona,FC Viktoria Plzen,0:04,CF,24,0:01,Penalty,No assist,0,4,0,1
2011/12,UEFA Champions League,Group Stage,2011-11-01,A,FC Barcelona,FC Viktoria Plzen,0:04,CF,45+2,0:02,Left-footed shot,Adriano,0,4,0,2
2011/12,UEFA Champions League,Group Stage,2011-11-01,A,FC Barcelona,FC Viktoria Plzen,0:04,CF,90+2,0:04,Left-footed shot,Gerard Pique,0,4,0,4
2011/12,LaLiga,12,2011-11-06,A,FC Barcelona,Athletic Bilbao,2:02,CF,90,2:02,Left-footed shot,No assist,2,2,2,2
2011/12,LaLiga,13,2011-11-19,H,FC Barcelona,Real Zaragoza,4:00,CF,43,2:00,Right-footed shot,Cesc Fabregas,4,0,2,0
2011/12,UEFA Champions League,Group Stage,2011-11-23,A,FC Barcelona,AC Milan,2:03,SS,31,1:02,Penalty,No assist,2,3,1,2
2011/12,LaLiga,17,2011-11-29,H,FC Barcelona,Rayo Vallecano,4:00,CF,49,4:00,Left-footed shot,Dani Alves,4,0,4,0
2011/12,LaLiga,15,2011-12-03,H,FC Barcelona,Levante UD,5:00,CF,55,4:00,Left-footed shot,Dani Alves,5,0,4,0
2011/12,FIFA Club World Cup,Final,2011-12-18,A,FC Barcelona,Santos FC,0:04,RW,17,0:01,Left-footed shot,Xavi,0,4,0,1
2011/12,FIFA Club World Cup,Final,2011-12-18,A,FC Barcelona,Santos FC,0:04,RW,82,0:04,Left-footed shot,Dani Alves,0,4,0,4
2011/12,Copa del Rey,last 16,2012-01-04,H,FC Barcelona,CA Osasuna,4:00,CF,71,3:00,Header,Cesc Fabregas,4,0,3,0
2011/12,Copa del Rey,last 16,2012-01-04,H,FC Barcelona,CA Osasuna,4:00,CF,90,4:00,Left-footed shot,Xavi,4,0,4,0
2011/12,LaLiga,19,2012-01-15,H,FC Barcelona,Real Betis Balompie,4:02,CF,12,2:00,Right-footed shot,Alexis Sanchez,4,2,2,0
2011/12,LaLiga,19,2012-01-15,H,FC Barcelona,Real Betis Balompie,4:02,CF,86,4:02,Penalty,No assist,4,2,4,2
2011/12,LaLiga,1,2012-01-22,A,FC Barcelona,Malaga CF,1:04,CF,32,0:01,Header,Adriano,1,4,0,1
2011/12,LaLiga,1,2012-01-22,A,FC Barcelona,Malaga CF,1:04,CF,51,0:03,Left-footed shot,Thiago,1,4,0,3
2011/12,LaLiga,1,2012-01-22,A,FC Barcelona,Malaga CF,1:04,CF,77,0:04,Left-footed shot,Pedro,1,4,0,4
2011/12,LaLiga,22,2012-02-04,H,FC Barcelona,Real Sociedad,2:01,CF,72,2:00,Left-footed shot,Dani Alves,2,1,2,0
2011/12,UEFA Champions League,last 16,2012-02-14,A,FC Barcelona,Bayer 04 Leverkusen,1:03,CF,88,1:03,Left-footed shot,Dani Alves,1,3,1,3
2011/12,LaLiga,24,2012-02-19,H,FC Barcelona,Valencia CF,5:01,CF,21,1:01,Left-footed shot,No assist,5,1,1,1
2011/12,LaLiga,24,2012-02-19,H,FC Barcelona,Valencia CF,5:01,CF,27,2:01,Tap-in,No assist,5,1,2,1
2011/12,LaLiga,24,2012-02-19,H,FC Barcelona,Valencia CF,5:01,CF,75,3:01,Left-footed shot,Cristian Tello,5,1,3,1
2011/12,LaLiga,24,2012-02-19,H,FC Barcelona,Valencia CF,5:01,CF,84,4:01,Left-footed shot,Sergio Busquets,5,1,4,1
2011/12,LaLiga,25,2012-02-26,A,FC Barcelona,Atletico de Madrid,1:02,CF,79,1:02,Direct free kick,No assist,1,2,1,2
2011/12,UEFA Champions League,last 16,2012-03-07,H,FC Barcelona,Bayer 04 Leverkusen,7:01,CF,25,1:00,Left-footed shot,Xavi,7,1,1,0
2011/12,UEFA Champions League,last 16,2012-03-07,H,FC Barcelona,Bayer 04 Leverkusen,7:01,CF,42,2:00,Left-footed shot,Andres Iniesta,7,1,2,0
2011/12,UEFA Champions League,last 16,2012-03-07,H,FC Barcelona,Bayer 04 Leverkusen,7:01,CF,50,3:00,Right-footed shot,Cesc Fabregas,7,1,3,0
2011/12,UEFA Champions League,last 16,2012-03-07,H,FC Barcelona,Bayer 04 Leverkusen,7:01,CF,58,5:00,Left-footed shot,No assist,7,1,5,0
2011/12,UEFA Champions League,last 16,2012-03-07,H,FC Barcelona,Bayer 04 Leverkusen,7:01,CF,85,7:00,Left-footed shot,Seydou Keita,7,1,7,0
2011/12,LaLiga,27,2012-03-11,A,FC Barcelona,Racing Santander,0:02,CF,28,0:01,Left-footed shot,Cesc Fabregas,0,2,0,1
2011/12,LaLiga,27,2012-03-11,A,FC Barcelona,Racing Santander,0:02,CF,55,0:02,Penalty,No assist,0,2,0,2
2011/12,LaLiga,28,2012-03-17,A,FC Barcelona,Sevilla FC,0:02,CF,25,0:02,Left-footed shot,Andres Iniesta,0,2,0,2
2011/12,LaLiga,29,2012-03-20,H,FC Barcelona,Granada CF,5:03,CF,16,2:00,Left-footed shot,Isaac Cuenca,5,3,2,0
2011/12,LaLiga,29,2012-03-20,H,FC Barcelona,Granada CF,5:03,CF,66,3:02,Left-footed shot,Dani Alves,5,3,3,2
2011/12,LaLiga,29,2012-03-20,H,FC Barcelona,Granada CF,5:03,CF,85,5:02,Left-footed shot,Dani Alves,5,3,5,2
2011/12,LaLiga,30,2012-03-24,A,FC Barcelona,RCD Mallorca,0:02,CF,25,0:01,Direct free kick,No assist,0,2,0,1
2011/12,LaLiga,31,2012-03-31,H,FC Barcelona,Athletic Bilbao,2:00,CF,57,2:00,Penalty,No assist,2,0,2,0
2011/12,UEFA Champions League,Quarter-Finals,2012-04-03,H,FC Barcelona,AC Milan,3:01,RW,11,1:00,Penalty,No assist,3,1,1,0
2011/12,UEFA Champions League,Quarter-Finals,2012-04-03,H,FC Barcelona,AC Milan,3:01,RW,42,2:01,Penalty,No assist,3,1,2,1
2011/12,LaLiga,32,2012-04-07,A,FC Barcelona,Real Zaragoza,1:04,CF,39,1:02,Left-footed shot,Alexis Sanchez,1,4,1,2
2011/12,LaLiga,32,2012-04-07,A,FC Barcelona,Real Zaragoza,1:04,CF,86,1:03,Penalty,No assist,1,4,1,3
2011/12,LaLiga,33,2012-04-10,H,FC Barcelona,Getafe CF,4:00,CF,44,2:00,Left-footed shot,Andres Iniesta,4,0,2,0
2011/12,LaLiga,34,2012-04-14,A,FC Barcelona,Levante UD,1:02,CF,64,1:01,Left-footed shot,Alexis Sanchez,1,2,1,1
2011/12,LaLiga,34,2012-04-14,A,FC Barcelona,Levante UD,1:02,CF,73,1:02,Penalty,No assist,1,2,1,2
2011/12,LaLiga,36,2012-04-29,A,FC Barcelona,Rayo Vallecano,0:07,CF,16,0:01,Left-footed shot,Pedro,0,7,0,1
2011/12,LaLiga,36,2012-04-29,A,FC Barcelona,Rayo Vallecano,0:07,CF,88,0:07,Left-footed shot,Pedro,0,7,0,7
2011/12,LaLiga,20,2012-05-02,H,FC Barcelona,Malaga CF,4:01,CF,34,2:01,Penalty,No assist,4,1,2,1
2011/12,LaLiga,20,2012-05-02,H,FC Barcelona,Malaga CF,4:01,CF,60,3:01,Penalty,No assist,4,1,3,1
2011/12,LaLiga,20,2012-05-02,H,FC Barcelona,Malaga CF,4:01,CF,63,4:01,Left-footed shot,Andres Iniesta,4,1,4,1
2011/12,LaLiga,37,2012-05-05,H,FC Barcelona,RCD Espanyol Barcelona,4:00,CF,11,1:00,Direct free kick,No assist,4,0,1,0
2011/12,LaLiga,37,2012-05-05,H,FC Barcelona,RCD Espanyol Barcelona,4:00,CF,63,2:00,Penalty,No assist,4,0,2,0
2011/12,LaLiga,37,2012-05-05,H,FC Barcelona,RCD Espanyol Barcelona,4:00,CF,73,3:00,Left-footed shot,Adriano,4,0,3,0
2011/12,LaLiga,37,2012-05-05,H,FC Barcelona,RCD Espanyol Barcelona,4:00,CF,78,4:00,Penalty,No assist,4,0,4,0
2011/12,Copa del Rey,Final,2012-05-25,H,FC Barcelona,Athletic Bilbao,3:00,CF,20,2:00,Right-footed shot,Andres Iniesta,3,0,2,0
2013/14,LaLiga,1,2012-08-19,H,FC Barcelona,Real Sociedad,5:01,CF,10,2:01,Left-footed shot,Pedro,5,1,2,1
2013/14,LaLiga,1,2012-08-19,H,FC Barcelona,Real Sociedad,5:01,CF,15,3:01,Left-footed shot,Cristian Tello,5,1,3,1
2013/14,Supercopa,final,2012-08-23,H,FC Barcelona,Real Madrid,3:02,CF,60,2:01,Penalty,No assist,3,2,2,1
2013/14,LaLiga,2,2012-08-26,A,FC Barcelona,CA Osasuna,1:02,CF,74,1:01,Left-footed shot,Alexis Sanchez,1,2,1,1
2013/14,LaLiga,2,2012-08-26,A,FC Barcelona,CA Osasuna,1:02,CF,79,1:02,Left-footed shot,Jordi Alba,1,2,1,2
2013/14,Supercopa,final,2012-08-29,A,FC Barcelona,Real Madrid,2:01,CF,45,2:01,Direct free kick,No assist,2,1,2,1
2013/14,LaLiga,4,2012-09-15,A,FC Barcelona,Getafe CF,1:04,CF,74,0:02,Penalty,No assist,1,4,0,2
2013/14,LaLiga,4,2012-09-15,A,FC Barcelona,Getafe CF,1:04,CF,78,0:03,Left-footed shot,Pedro,1,4,0,3
2013/14,UEFA Champions League,Group Stage,2012-09-19,H,FC Barcelona,Spartak Moscow,3:02,CF,71,2:02,Left-footed shot,Cristian Tello,3,2,2,2
2013/14,UEFA Champions League,Group Stage,2012-09-19,H,FC Barcelona,Spartak Moscow,3:02,CF,80,3:02,Header,Alexis Sanchez,3,2,3,2
2013/14,LaLiga,7,2012-10-07,H,FC Barcelona,Real Madrid,2:02,CF,31,1:01,Left-footed shot,No assist,2,2,1,1
2013/14,LaLiga,7,2012-10-07,H,FC Barcelona,Real Madrid,2:02,CF,60,2:01,Direct free kick,No assist,2,2,2,1
2013/14,LaLiga,8,2012-10-20,A,FC Barcelona,Deportivo de La Coruaa,4:05,CF,17,0:03,Left-footed shot,Cesc Fabregas,4,5,0,3
2013/14,LaLiga,8,2012-10-20,A,FC Barcelona,Deportivo de La Coruaa,4:05,CF,43,2:04,Left-footed shot,Cesc Fabregas,4,5,2,4
2013/14,LaLiga,8,2012-10-20,A,FC Barcelona,Deportivo de La Coruaa,4:05,CF,76,3:05,Left-footed shot,Xavi,4,5,3,5
2013/14,LaLiga,9,2012-10-27,A,FC Barcelona,Rayo Vallecano,0:05,CF,48,0:02,Left-footed shot,Marta Montoya,0,5,0,2
2013/14,LaLiga,9,2012-10-27,A,FC Barcelona,Rayo Vallecano,0:05,CF,89,0:05,Right-footed shot,Cesc Fabregas,0,5,0,5
2013/14,UEFA Champions League,Group Stage,2012-11-07,A,FC Barcelona,Celtic FC,2:01,CF,90+1,2:01,Tap-in,No assist,2,1,2,1
2013/14,LaLiga,11,2012-11-11,A,FC Barcelona,RCD Mallorca,2:04,CF,43,0:02,Left-footed shot,Sergio Busquets,2,4,0,2
2013/14,LaLiga,11,2012-11-11,A,FC Barcelona,RCD Mallorca,2:04,CF,70,2:04,Left-footed shot,Alexis Sanchez,2,4,2,4
2013/14,LaLiga,12,2012-11-17,H,FC Barcelona,Real Zaragoza,3:01,CF,15,1:00,Left-footed shot,Jordi Alba,3,1,1,0
2013/14,LaLiga,12,2012-11-17,H,FC Barcelona,Real Zaragoza,3:01,CF,60,3:01,Left-footed shot,Marta Montoya,3,1,3,1
2013/14,UEFA Champions League,Group Stage,2012-11-20,A,FC Barcelona,Spartak Moscow,0:03,CF,27,0:02,Right-footed shot,No assist,0,3,0,2
2013/14,UEFA Champions League,Group Stage,2012-11-20,A,FC Barcelona,Spartak Moscow,0:03,CF,39,0:03,Left-footed shot,Pedro,0,3,0,3
2013/14,LaLiga,13,2012-11-25,A,FC Barcelona,Levante UD,0:04,CF,46,0:01,Left-footed shot,Andres Iniesta,0,4,0,1
2013/14,LaLiga,13,2012-11-25,A,FC Barcelona,Levante UD,0:04,CF,51,0:02,Left-footed shot,Andres Iniesta,0,4,0,2
2013/14,LaLiga,14,2012-12-01,H,FC Barcelona,Athletic Bilbao,5:01,CF,24,2:00,Left-footed shot,Xavi,5,1,2,0
2013/14,LaLiga,14,2012-12-01,H,FC Barcelona,Athletic Bilbao,5:01,CF,69,5:01,Right-footed shot,Pedro,5,1,5,1
2013/14,LaLiga,15,2012-12-09,A,FC Barcelona,Real Betis Balompie,1:02,CF,16,0:01,Left-footed shot,Andres Iniesta,1,2,0,1
2013/14,LaLiga,15,2012-12-09,A,FC Barcelona,Real Betis Balompie,1:02,CF,25,0:02,Left-footed shot,Andres Iniesta,1,2,0,2
2013/14,Copa del Rey,last 16,2012-12-12,A,FC Barcelona,CÃÂ³rdoba CF,0:02,CF,10,0:01,Left-footed shot,David Villa,0,2,0,1
2013/14,Copa del Rey,last 16,2012-12-12,A,FC Barcelona,CÃÂ³rdoba CF,0:02,CF,73,0:02,Left-footed shot,Alexis Sanchez,0,2,0,2
2013/14,LaLiga,16,2012-12-16,H,FC Barcelona,Atletico de Madrid,4:01,CF,58,3:01,Left-footed shot,Alexis Sanchez,4,1,3,1
2013/14,LaLiga,16,2012-12-16,H,FC Barcelona,Atletico de Madrid,4:01,CF,88,4:01,Left-footed shot,No assist,4,1,4,1
2013/14,LaLiga,17,2012-12-22,A,FC Barcelona,Real Valladolid CF,1:03,CF,59,0:02,Left-footed shot,Xavi,1,3,0,2
2013/14,LaLiga,18,2013-01-06,H,FC Barcelona,RCD Espanyol Barcelona,4:00,CF,28,4:00,Penalty,No assist,4,0,4,0
2013/14,LaLiga,19,2013-01-13,A,FC Barcelona,Malaga CF,1:03,CF,26,0:01,Right-footed shot,No assist,1,3,0,1
2013/14,Copa del Rey,Quarter-Finals,2013-01-16,H,FC Barcelona,Malaga CF,2:02,CF,29,1:01,Left-footed shot,No assist,2,2,1,1
2013/14,LaLiga,20,2013-01-19,A,FC Barcelona,Real Sociedad,3:02,CF,6,0:01,Left-footed shot,Andres Iniesta,3,2,0,1
2013/14,Copa del Rey,Quarter-Finals,2013-01-24,A,FC Barcelona,Malaga CF,2:04,CF,79,2:04,Header,Dani Alves,2,4,2,4
2013/14,LaLiga,21,2013-01-27,H,FC Barcelona,CA Osasuna,5:01,CF,11,1:00,Right-footed shot,Xavi,5,1,1,0
2013/14,LaLiga,21,2013-01-27,H,FC Barcelona,CA Osasuna,5:01,CF,28,2:01,Penalty,No assist,5,1,2,1
2013/14,LaLiga,21,2013-01-27,H,FC Barcelona,CA Osasuna,5:01,CF,56,4:01,Left-footed shot,David Villa,5,1,4,1
2013/14,LaLiga,21,2013-01-27,H,FC Barcelona,CA Osasuna,5:01,CF,58,5:01,Left-footed shot,Adriano,5,1,5,1
2013/14,LaLiga,22,2013-02-03,A,FC Barcelona,Valencia CF,1:01,CF,39,1:01,Penalty,No assist,1,1,1,1
2013/14,LaLiga,23,2013-02-10,H,FC Barcelona,Getafe CF,6:01,CF,13,2:00,Left-footed shot,Thiago,6,1,2,0
2013/14,LaLiga,24,2013-02-16,A,FC Barcelona,Granada CF,1:02,CF,49,1:01,Left-footed shot,No assist,1,2,1,1
2013/14,LaLiga,24,2013-02-16,A,FC Barcelona,Granada CF,1:02,CF,72,1:02,Direct free kick,No assist,1,2,1,2
2013/14,LaLiga,25,2013-02-23,H,FC Barcelona,Sevilla FC,2:01,CF,60,2:01,Left-footed shot,Cristian Tello,2,1,2,1
2013/14,LaLiga,26,2013-03-02,A,FC Barcelona,Real Madrid,2:01,CF,18,1:01,Left-footed shot,Dani Alves,2,1,1,1
2013/14,LaLiga,27,2013-03-09,H,FC Barcelona,Deportivo de La Coruaa,2:00,CF,88,2:00,Left-footed shot,Alexis Sanchez,2,0,2,0
2013/14,UEFA Champions League,last 16,2013-03-12,H,FC Barcelona,AC Milan,4:00,CF,5,1:00,Left-footed shot,Xavi,4,0,1,0
2013/14,UEFA Champions League,last 16,2013-03-12,H,FC Barcelona,AC Milan,4:00,CF,40,2:00,Left-footed shot,Andres Iniesta,4,0,2,0
2013/14,LaLiga,28,2013-03-17,H,FC Barcelona,Rayo Vallecano,3:01,CF,40,2:00,Left-footed shot,David Villa,3,1,2,0
2013/14,LaLiga,28,2013-03-17,H,FC Barcelona,Rayo Vallecano,3:01,CF,57,3:00,Left-footed shot,David Villa,3,1,3,0
2013/14,LaLiga,29,2013-03-30,A,FC Barcelona,Celta de Vigo,2:02,CF ,73,1:02,Left-footed shot,Cristian Tello,2,2,1,2
2013/14,UEFA Champions League,Quarter-Finals,2013-04-02,A,FC Barcelona,Paris Saint-Germain,2:02,CF,38,0:01,Left-footed shot,Dani Alves,2,2,0,1
2013/14,LaLiga,33,2013-04-27,A,FC Barcelona,Athletic Bilbao,2:02,CF,67,1:01,Left-footed shot,Thiago,2,2,1,1
2013/14,LaLiga,34,2013-05-05,H,FC Barcelona,Real Betis Balompie,4:02,CF,60,3:02,Direct free kick,No assist,4,2,3,2
2013/14,LaLiga,34,2013-05-05,H,FC Barcelona,Real Betis Balompie,4:02,CF,71,4:02,Left-footed shot,Alexis Sanchez,4,2,4,2
2013/14,LaLiga,1,2013-08-18,H,FC Barcelona,Levante UD,7:00,CF,13,2:00,Left-footed shot,Pedro,7,0,2,0
2013/14,LaLiga,1,2013-08-18,H,FC Barcelona,Levante UD,7:00,CF,42,5:00,Penalty,No assist,7,0,5,0
2013/14,LaLiga,3,2013-09-01,A,FC Barcelona,Valencia CF,2:03,CF,11,0:01,Left-footed shot,Cesc Fabregas,2,3,0,1
2013/14,LaLiga,3,2013-09-01,A,FC Barcelona,Valencia CF,2:03,CF,39,0:02,Right-footed shot,Cesc Fabregas,2,3,0,2
2013/14,LaLiga,3,2013-09-01,A,FC Barcelona,Valencia CF,2:03,CF,41,0:03,Left-footed shot,Neymar,2,3,0,3
2013/14,LaLiga,4,2013-09-14,H,FC Barcelona,Sevilla FC,3:02,CF,75,2:00,Left-footed shot,Neymar,3,2,2,0
2013/14,UEFA Champions League,Group Stage,2013-09-18,H,FC Barcelona,Ajax Amsterdam,4:00,CF,22,1:00,Direct free kick,No assist,4,0,1,0
2013/14,UEFA Champions League,Group Stage,2013-09-18,H,FC Barcelona,Ajax Amsterdam,4:00,CF,55,2:00,Left-footed shot,Sergio Busquets,4,0,2,0
2013/14,UEFA Champions League,Group Stage,2013-09-18,H,FC Barcelona,Ajax Amsterdam,4:00,CF,75,4:00,Left-footed shot,Xavi,4,0,4,0
2013/14,LaLiga,6,2013-09-24,H,FC Barcelona,Real Sociedad,4:01,CF,8,2:00,Header,Neymar,4,1,2,0
2013/14,LaLiga,7,2013-09-28,A,FC Barcelona,UD Almera,0:02,CF,21,0:01,Left-footed shot,Pedro,0,2,0,1
2013/14,UEFA Champions League,Group Stage,2013-10-22,A,FC Barcelona,AC Milan,1:01,CF,23,1:01,Left-footed shot,Andres Iniesta,1,1,1,1
2013/14,UEFA Champions League,Group Stage,2013-11-06,H,FC Barcelona,AC Milan,3:01,CF,30,1:00,Penalty,No assist,3,1,1,0
2013/14,UEFA Champions League,Group Stage,2013-11-06,H,FC Barcelona,AC Milan,3:01,CF,83,3:01,Left-footed shot,Cesc Fabregas,3,1,3,1
2013/14,Copa del Rey,last 16,2014-01-08,H,FC Barcelona,Getafe CF,4:00,CF,90,3:00,Left-footed shot,Marta Montoya,4,0,3,0
2013/14,Copa del Rey,last 16,2014-01-08,H,FC Barcelona,Getafe CF,4:00,CF,90+2,4:00,Left-footed shot,Alex Song,4,0,4,0
2013/14,Copa del Rey,last 16,2014-01-16,A,FC Barcelona,Getafe CF,0:02,CF,43,0:01,Right-footed shot,Cristian Tello,0,2,0,1
2013/14,Copa del Rey,last 16,2014-01-16,A,FC Barcelona,Getafe CF,0:02,CF,63,0:02,Left-footed shot,No assist,0,2,0,2
2013/14,LaLiga,22,2014-02-01,H,FC Barcelona,Valencia CF,2:03,CF,54,2:02,Penalty,No assist,2,3,2,2
2013/14,LaLiga,23,2014-02-09,A,FC Barcelona,Sevilla FC,1:04,CF,44,1:02,Left-footed shot,Pedro,1,4,1,2
2013/14,LaLiga,23,2014-02-09,A,FC Barcelona,Sevilla FC,1:04,CF,56,1:03,Left-footed shot,Andres Iniesta,1,4,1,3
2013/14,Copa del Rey,Semi-Finals,2014-02-12,A,FC Barcelona,Real Sociedad,1:01,CF,26,0:01,Solo run,No assist,1,1,0,1
2013/14,LaLiga,24,2014-02-15,H,FC Barcelona,Rayo Vallecano,6:00,CF,36,2:00,Left-footed shot,Cesc Fabregas,6,0,2,0
2013/14,LaLiga,24,2014-02-15,H,FC Barcelona,Rayo Vallecano,6:00,CF,68,5:00,Left-footed shot,Alexis Sanchez,6,0,5,0
2013/14,UEFA Champions League,last 16,2014-02-18,A,FC Barcelona,Manchester City,0:02,CF,54,0:01,Penalty,No assist,0,2,0,1
2013/14,LaLiga,25,2014-02-22,A,FC Barcelona,Real Sociedad,3:01,CF,36,1:01,Left-footed shot,Marta Montoya,3,1,1,1
2013/14,LaLiga,26,2014-03-02,H,FC Barcelona,UD Almera,4:01,CF,24,2:00,Direct free kick,No assist,4,1,2,0
2013/14,UEFA Champions League,last 16,2014-03-12,H,FC Barcelona,Manchester City,2:01,CF,67,1:00,Left-footed shot,No assist,2,1,1,0
2013/14,LaLiga,28,2014-03-16,H,FC Barcelona,CA Osasuna,7:00,CF,18,1:00,Left-footed shot,Alexis Sanchez,7,0,1,0
2013/14,LaLiga,28,2014-03-16,H,FC Barcelona,CA Osasuna,7:00,CF,63,4:00,Left-footed shot,Andres Iniesta,7,0,4,0
2013/14,LaLiga,28,2014-03-16,H,FC Barcelona,CA Osasuna,7:00,CF,88,6:00,Right-footed shot,Dani Alves,7,0,6,0
2013/14,LaLiga,29,2014-03-23,A,FC Barcelona,Real Madrid,3:04,CF,42,2:02,Left-footed shot,Neymar,3,4,2,2
2013/14,LaLiga,29,2014-03-23,A,FC Barcelona,Real Madrid,3:04,CF,65,3:03,Penalty,No assist,3,4,3,3
2013/14,LaLiga,29,2014-03-23,A,FC Barcelona,Real Madrid,3:04,CF,84,3:04,Penalty,No assist,3,4,3,4
2013/14,LaLiga,30,2014-03-26,H,FC Barcelona,Celta de Vigo,3:00,CF,30,2:00,Right-footed shot,Andres Iniesta,3,0,2,0
2013/14,LaLiga,31,2014-03-29,A,FC Barcelona,RCD Espanyol Barcelona,0:01,CF,77,0:01,Penalty,No assist,0,1,0,1
2013/14,LaLiga,32,2014-04-05,H,FC Barcelona,Real Betis Balompie,3:01,CF,15,1:00,Penalty,No assist,3,1,1,0
2013/14,LaLiga,32,2014-04-05,H,FC Barcelona,Real Betis Balompie,3:01,CF,86,3:01,Penalty rebound,Antonio Amaya,3,1,3,1
2013/14,LaLiga,34,2014-04-20,H,FC Barcelona,Athletic Bilbao,2:01,CF,74,2:01,Direct free kick,No assist,2,1,2,1
2013/14,LaLiga,35,2014-04-27,A,FC Barcelona,Villarreal CF,2:03,CF,83,2:03,Right-footed shot,Cesc Fabregas,2,3,2,3
2013/14,LaLiga,36,2014-05-03,H,FC Barcelona,Getafe CF,2:02,CF,23,1:00,Left-footed shot,Dani Alves,2,2,1,0
2014/15,LaLiga,1,2014-08-24,H,FC Barcelona,Elche CF,3:00,CF,42,1:00,Left-footed shot,Sergio Busquets,3,0,1,0
2014/15,LaLiga,1,2014-08-24,H,FC Barcelona,Elche CF,3:00,CF,64,3:00,Left-footed shot,No assist,3,0,3,0
2014/15,LaLiga,4,2014-09-21,A,FC Barcelona,Levante UD,0:05,CF,77,0:05,Right-footed shot,No assist,0,5,0,5
2014/15,LaLiga,6,2014-09-27,H,FC Barcelona,Granada CF,6:00,CF,62,4:00,Header,Dani Alves,6,0,4,0
2014/15,LaLiga,6,2014-09-27,H,FC Barcelona,Granada CF,6:00,CF,82,6:00,Right-footed shot,No assist,6,0,6,0
2014/15,UEFA Champions League,Group Stage,2014-09-30,A,FC Barcelona,Paris Saint-Germain,3:02,RW,12,1:01,Left-footed shot,Andres Iniesta,3,2,1,1
2014/15,LaLiga,7,2014-10-04,A,FC Barcelona,Rayo Vallecano,0:02,CF,35,0:01,Left-footed shot,Gerard Pique,0,2,0,1
2014/15,LaLiga,8,2014-10-18,H,FC Barcelona,SD Eibar,3:00,CF,74,3:00,Left-footed shot,Neymar,3,0,3,0
2014/15,UEFA Champions League,Group Stage,2014-10-21,H,FC Barcelona,Ajax Amsterdam,3:01,CF,24,2:00,Left-footed shot,Andres Iniesta,3,1,2,0
2014/15,UEFA Champions League,Group Stage,2014-11-05,A,FC Barcelona,Ajax Amsterdam,0:02,RW,36,0:01,Header,Marc Bartra,0,2,0,1
2014/15,UEFA Champions League,Group Stage,2014-11-05,A,FC Barcelona,Ajax Amsterdam,0:02,RW,76,0:02,Left-footed shot,Pedro,0,2,0,2
2014/15,LaLiga,12,2014-11-22,H,FC Barcelona,Sevilla FC,5:01,RW,21,1:00,Direct free kick,No assist,5,1,1,0
2014/15,LaLiga,12,2014-11-22,H,FC Barcelona,Sevilla FC,5:01,RW,73,4:01,Tap-in,Neymar,5,1,4,1
2014/15,LaLiga,12,2014-11-22,H,FC Barcelona,Sevilla FC,5:01,RW,78,5:01,Left-footed shot,Neymar,5,1,5,1
2014/15,UEFA Champions League,Group Stage,2014-11-25,A,FC Barcelona,APOEL Nicosia,0:04,CF ,38,0:02,Right-footed shot,Rafinha,0,4,0,2
2014/15,UEFA Champions League,Group Stage,2014-11-25,A,FC Barcelona,APOEL Nicosia,0:04,CF ,58,0:03,Right-footed shot,Dani Alves,0,4,0,3
2014/15,UEFA Champions League,Group Stage,2014-11-25,A,FC Barcelona,APOEL Nicosia,0:04,CF ,87,0:04,Right-footed shot,Pedro,0,4,0,4
2014/15,LaLiga,14,2014-12-07,H,FC Barcelona,RCD Espanyol Barcelona,5:01,RW,45+1,1:01,Left-footed shot,Xavi,5,1,1,1
2014/15,LaLiga,14,2014-12-07,H,FC Barcelona,RCD Espanyol Barcelona,5:01,RW,50,2:01,Right-footed shot,Luis Suarez,5,1,2,1
2014/15,LaLiga,14,2014-12-07,H,FC Barcelona,RCD Espanyol Barcelona,5:01,RW,81,5:01,Right-footed shot,Pedro,5,1,5,1
2014/15,UEFA Champions League,Group Stage,2014-12-10,H,FC Barcelona,Paris Saint-Germain,3:01,AM,19,1:01,Right-footed shot,Luis Suarez,3,1,1,1
2014/15,LaLiga,16,2014-12-20,H,FC Barcelona,CÃÂ³rdoba CF,5:00,RW,82,4:00,Right-footed shot,No assist,5,0,4,0
2014/15,LaLiga,16,2014-12-20,H,FC Barcelona,CÃÂ³rdoba CF,5:00,RW,90,5:00,Right-footed shot,No assist,5,0,5,0
2014/15,Copa del Rey,last 16,2015-01-08,H,FC Barcelona,Elche CF,5:00,RW ,45,3:00,Penalty,No assist,5,0,3,0
2014/15,LaLiga,18,2015-01-11,H,FC Barcelona,Atletico de Madrid,3:01,RW,87,3:01,Left-footed shot,No assist,3,1,3,1
2014/15,LaLiga,19,2015-01-18,A,FC Barcelona,Deportivo de La Coruaa,0:04,RW,11,0:01,Header,Ivan Rakitic,0,4,0,1
2014/15,LaLiga,19,2015-01-18,A,FC Barcelona,Deportivo de La Coruaa,0:04,RW,33,0:02,Left-footed shot,Luis Suarez,0,4,0,2
2014/15,LaLiga,19,2015-01-18,A,FC Barcelona,Deportivo de La Coruaa,0:04,RW,62,0:03,Left-footed shot,Ivan Rakitic,0,4,0,3
2014/15,Copa del Rey,Quarter-Finals,2015-01-21,H,FC Barcelona,Atletico de Madrid,1:00,RW ,85,1:00,Penalty rebound,No assist,1,0,1,0
2014/15,LaLiga,20,2015-01-24,A,FC Barcelona,Elche CF,0:06,CF,55,0:02,Penalty,No assist,0,6,0,2
2014/15,LaLiga,20,2015-01-24,A,FC Barcelona,Elche CF,0:06,CF,88,0:05,Left-footed shot,Marc Bartra,0,6,0,5
2014/15,LaLiga,21,2015-02-01,H,FC Barcelona,Villarreal CF,3:02,RW,55,3:02,Right-footed shot,Luis Suarez,3,2,3,2
2014/15,LaLiga,22,2015-02-08,A,FC Barcelona,Athletic Bilbao,2:05,RW,15,0:01,Direct free kick,No assist,2,5,0,1
2014/15,Copa del Rey,Semi-Finals,2015-02-11,H,FC Barcelona,Villarreal CF,3:01,RW,41,1:00,Left-footed shot,Luis Suarez,3,1,1,0
2014/15,LaLiga,23,2015-02-15,H,FC Barcelona,Levante UD,5:00,CF,38,2:00,Right-footed shot,Marc Bartra,5,0,2,0
2014/15,LaLiga,23,2015-02-15,H,FC Barcelona,Levante UD,5:00,CF,59,3:00,Right-footed shot,Pedro,5,0,3,0
2014/15,LaLiga,23,2015-02-15,H,FC Barcelona,Levante UD,5:00,CF,65,4:00,Penalty,No assist,5,0,4,0
2014/15,LaLiga,25,2015-02-28,A,FC Barcelona,Granada CF,1:03,RW,70,1:03,Right-footed shot,Luis Suarez,1,3,1,3
2014/15,LaLiga,26,2015-03-08,H,FC Barcelona,Rayo Vallecano,6:01,RW,56,3:00,Penalty,No assist,6,1,3,0
2014/15,LaLiga,26,2015-03-08,H,FC Barcelona,Rayo Vallecano,6:01,RW,63,4:00,Tap-in,No assist,6,1,4,0
2014/15,LaLiga,26,2015-03-08,H,FC Barcelona,Rayo Vallecano,6:01,RW,68,5:00,Left-footed shot,Pedro,6,1,5,0
2014/15,LaLiga,27,2015-03-14,A,FC Barcelona,SD Eibar,0:02,RW ,31,0:01,Penalty,No assist,0,2,0,1
2014/15,LaLiga,27,2015-03-14,A,FC Barcelona,SD Eibar,0:02,RW ,55,0:02,Header,Ivan Rakitic,0,2,0,2
2014/15,LaLiga,30,2015-04-08,H,FC Barcelona,UD Almera,4:00,RW,33,1:00,Left-footed shot,Marc Bartra,4,0,1,0
2014/15,LaLiga,31,2015-04-11,A,FC Barcelona,Sevilla FC,2:02,RW,15,0:01,Left-footed shot,Neymar,2,2,0,1
2014/15,LaLiga,32,2015-04-18,H,FC Barcelona,Valencia CF,2:00,RW,90+4,2:00,Left-footed shot,No assist,2,0,2,0
2014/15,LaLiga,33,2015-04-25,A,FC Barcelona,RCD Espanyol Barcelona,0:02,RW,25,0:02,Left-footed shot,Luis Suarez,0,2,0,2
2014/15,LaLiga,34,2015-04-28,H,FC Barcelona,Getafe CF,6:00,RW,9,1:00,Penalty,No assist,6,0,1,0
2014/15,LaLiga,34,2015-04-28,H,FC Barcelona,Getafe CF,6:00,RW,47,6:00,Left-footed shot,Luis Suarez,6,0,6,0
2014/15,LaLiga,35,2015-05-02,A,FC Barcelona,CÃÂ³rdoba CF,0:08,RW,47,0:03,Header,Dani Alves,0,8,0,3
2014/15,LaLiga,35,2015-05-02,A,FC Barcelona,CÃÂ³rdoba CF,0:08,RW,80,0:06,Left-footed shot,Luis Suarez,0,8,0,6
2014/15,UEFA Champions League,Semi-Finals,2015-05-06,H,FC Barcelona,Bayern Munich,3:00,RW,77,1:00,Left-footed shot,Dani Alves,3,0,1,0
2014/15,UEFA Champions League,Semi-Finals,2015-05-06,H,FC Barcelona,Bayern Munich,3:00,RW,80,2:00,Right-footed shot,Ivan Rakitic,3,0,2,0
2014/15,LaLiga,37,2015-05-17,A,FC Barcelona,Atletico de Madrid,0:01,RW,65,0:01,Left-footed shot,Pedro,0,1,0,1
2014/15,LaLiga,38,2015-05-23,H,FC Barcelona,Deportivo de La Coruaa,2:02,RW,5,1:00,Header,Rafinha,2,2,1,0
2014/15,LaLiga,38,2015-05-23,H,FC Barcelona,Deportivo de La Coruaa,2:02,RW,59,2:00,Right-footed shot,Neymar,2,2,2,0
2014/15,Copa del Rey,Final,2015-05-30,A,FC Barcelona,Athletic Bilbao,1:03,RW,20,0:01,Solo run,No assist,1,3,0,1
2014/15,Copa del Rey,Final,2015-05-30,A,FC Barcelona,Athletic Bilbao,1:03,RW,74,0:03,Left-footed shot,Dani Alves,1,3,0,3
2015/16,UEFA Super Cup,Final,2015-08-11,H,FC Barcelona,Sevilla FC,5:4 AET,RW,7,1:01,Direct free kick,No assist,5,0,1,1
2015/16,UEFA Super Cup,Final,2015-08-11,H,FC Barcelona,Sevilla FC,5:4 AET,RW,16,2:01,Direct free kick,No assist,5,0,2,1
2015/16,Supercopa,final,2015-08-17,H,FC Barcelona,Athletic Bilbao,1:01,RW,43,1:00,Left-footed shot,Luis Suarez,1,1,1,0
2015/16,LaLiga,3,2015-09-12,A,FC Barcelona,Atletico de Madrid,1:02,RW,77,1:02,Left-footed shot,Luis Suarez,1,2,1,2
2015/16,LaLiga,4,2015-09-20,H,FC Barcelona,Levante UD,4:01,AM ,61,3:00,Penalty,No assist,4,1,3,0
2015/16,LaLiga,4,2015-09-20,H,FC Barcelona,Levante UD,4:01,AM ,90,4:01,Left-footed shot,Marc Bartra,4,1,4,1
2015/16,UEFA Champions League,Group Stage,2015-11-24,H,FC Barcelona,AS Roma,6:01,RW ,18,2:00,Left-footed shot,Luis Suarez,6,1,2,0
2015/16,UEFA Champions League,Group Stage,2015-11-24,H,FC Barcelona,AS Roma,6:01,RW ,60,5:00,Tap-in,No assist,6,1,5,0
2015/16,LaLiga,13,2015-11-28,H,FC Barcelona,Real Sociedad,4:00,RW,90+1,4:00,Left-footed shot,Neymar,4,0,4,0
2015/16,UEFA Champions League,Group Stage,2015-12-09,A,FC Barcelona,Bayer 04 Leverkusen,1:01,CF ,20,0:01,Right-footed shot,Ivan Rakitic,1,1,0,1
2015/16,LaLiga,15,2015-12-12,H,FC Barcelona,Deportivo de La Coruaa,2:02,RW,39,1:00,Direct free kick,No assist,2,2,1,0
2015/16,FIFA Club World Cup,Final,2015-12-20,A,FC Barcelona,CA River Plate,0:03,RW,36,0:01,Left-footed shot,Neymar,0,3,0,1
2015/16,LaLiga,17,2015-12-30,H,FC Barcelona,Real Betis Balompie,4:00,RW ,33,2:00,Right-footed shot,Neymar,4,0,2,0
2015/16,Copa del Rey,last 16,2016-01-06,H,FC Barcelona,RCD Espanyol Barcelona,4:01,RW,13,1:01,Left-footed shot,Andres Iniesta,4,1,1,1
2015/16,Copa del Rey,last 16,2016-01-06,H,FC Barcelona,RCD Espanyol Barcelona,4:01,RW,44,2:01,Direct free kick,No assist,4,1,2,1
2015/16,LaLiga,19,2016-01-09,H,FC Barcelona,Granada CF,4:00,RW ,8,1:00,Left-footed shot,Arda Turan,4,0,1,0
2015/16,LaLiga,19,2016-01-09,H,FC Barcelona,Granada CF,4:00,RW ,14,2:00,Left-footed shot,Luis Suarez,4,0,2,0
2015/16,LaLiga,19,2016-01-09,H,FC Barcelona,Granada CF,4:00,RW ,58,3:00,Tap-in,No assist,4,0,3,0
2015/16,LaLiga,20,2016-01-17,H,FC Barcelona,Athletic Bilbao,6:00,RW,7,1:00,Penalty,No assist,6,0,1,0
2015/16,LaLiga,21,2016-01-23,A,FC Barcelona,Malaga CF,1:02,RW,51,1:02,Left-footed shot,Adriano,1,2,1,2
2015/16,LaLiga,22,2016-01-30,H,FC Barcelona,Atletico de Madrid,2:01,RW,30,1:01,Left-footed shot,Jordi Alba,2,1,1,1
2015/16,Copa del Rey,Semi-Finals,2016-02-03,H,FC Barcelona,Valencia CF,7:00,RW,29,3:00,Left-footed shot,Neymar,7,0,3,0
2015/16,Copa del Rey,Semi-Finals,2016-02-03,H,FC Barcelona,Valencia CF,7:00,RW,59,4:00,Left-footed shot,Luis Suarez,7,0,4,0
2015/16,Copa del Rey,Semi-Finals,2016-02-03,H,FC Barcelona,Valencia CF,7:00,RW,74,5:00,Left-footed shot,No assist,7,0,5,0
2015/16,LaLiga,24,2016-02-14,H,FC Barcelona,Celta de Vigo,6:01,RW,28,1:00,Direct free kick,No assist,6,1,1,0
2015/16,LaLiga,16,2016-02-17,A,FC Barcelona,Sporting GijÃÂ³n,1:03,RW ,25,0:01,Left-footed shot,Luis Suarez,1,3,0,1
2015/16,LaLiga,16,2016-02-17,A,FC Barcelona,Sporting GijÃÂ³n,1:03,RW ,31,1:02,Left-footed shot,Luis Suarez,1,3,1,2
2015/16,UEFA Champions League,last 16,2016-02-23,A,FC Barcelona,Arsenal FC,0:02,RW,71,0:01,Left-footed shot,Neymar,0,2,0,1
2015/16,UEFA Champions League,last 16,2016-02-23,A,FC Barcelona,Arsenal FC,0:02,RW,83,0:02,Penalty,No assist,0,2,0,2
2015/16,LaLiga,26,2016-02-28,H,FC Barcelona,Sevilla FC,2:01,RW ,31,1:01,Direct free kick,No assist,2,1,1,1
2015/16,LaLiga,27,2016-03-03,A,FC Barcelona,Rayo Vallecano,1:05,RW,23,0:02,Left-footed shot,Neymar,1,5,0,2
2015/16,LaLiga,27,2016-03-03,A,FC Barcelona,Rayo Vallecano,1:05,RW,53,0:03,Left-footed shot,No assist,1,5,0,3
2015/16,LaLiga,27,2016-03-03,A,FC Barcelona,Rayo Vallecano,1:05,RW,72,1:04,Left-footed shot,Sergio Busquets,1,5,1,4
2015/16,LaLiga,28,2016-03-06,A,FC Barcelona,SD Eibar,0:04,RW ,42,0:02,Left-footed shot,Munir El Haddadi,0,4,0,2
2015/16,LaLiga,28,2016-03-06,A,FC Barcelona,SD Eibar,0:04,RW ,76,0:03,Penalty,No assist,0,4,0,3
2015/16,LaLiga,29,2016-03-12,H,FC Barcelona,Getafe CF,6:00,CF,41,4:00,Left-footed shot,Arda Turan,6,0,4,0
2015/16,UEFA Champions League,last 16,2016-03-16,H,FC Barcelona,Arsenal FC,3:01,RW,86,3:01,Left-footed shot,Neymar,3,1,3,1
2015/16,LaLiga,33,2016-04-17,H,FC Barcelona,Valencia CF,1:02,RW,63,1:02,Left-footed shot,Jordi Alba,1,2,1,2
2015/16,LaLiga,34,2016-04-20,A,FC Barcelona,Deportivo de La Coruaa,0:08,RW,73,0:06,Left-footed shot,Luis Suarez,0,8,0,6
2015/16,LaLiga,35,2016-04-23,H,FC Barcelona,Sporting GijÃÂ³n,6:00,RW,13,1:00,Header,No assist,6,0,1,0
2015/16,LaLiga,37,2016-05-08,H,FC Barcelona,RCD Espanyol Barcelona,5:00,RW,8,1:00,Direct free kick,No assist,5,0,1,0
2016/17,Supercopa,final,2016-08-17,H,FC Barcelona,Sevilla FC,3:00,RW ,55,3:00,Header,Lucas Digne,3,0,3,0
2016/17,LaLiga,1,2016-08-20,H,FC Barcelona,Real Betis Balompie,6:02,RW ,37,2:01,Left-footed shot,Sergi Roberto,6,2,2,1
2016/17,LaLiga,1,2016-08-20,H,FC Barcelona,Real Betis Balompie,6:02,RW ,58,5:01,Left-footed shot,Arda Turan,6,2,5,1
2016/17,UEFA Champions League,Group Stage,2016-09-13,H,FC Barcelona,Celtic FC,7:00,RW ,3,1:00,Left-footed shot,Neymar,7,0,1,0
2016/17,UEFA Champions League,Group Stage,2016-09-13,H,FC Barcelona,Celtic FC,7:00,RW ,27,2:00,Left-footed shot,Neymar,7,0,2,0
2016/17,UEFA Champions League,Group Stage,2016-09-13,H,FC Barcelona,Celtic FC,7:00,RW ,60,5:00,Left-footed shot,Luis Suarez,7,0,5,0
2016/17,LaLiga,4,2016-09-17,A,FC Barcelona,CD Leganes,1:05,RW,15,0:01,Left-footed shot,Luis Suarez,1,5,0,1
2016/17,LaLiga,4,2016-09-17,A,FC Barcelona,CD Leganes,1:05,RW,55,0:04,Penalty,No assist,1,5,0,4
2016/17,LaLiga,8,2016-10-15,H,FC Barcelona,Deportivo de La Coruaa,4:00,RW,58,4:00,Left-footed shot,Neymar,4,0,4,0
2016/17,UEFA Champions League,Group Stage,2016-10-19,H,FC Barcelona,Manchester City,4:00,RW,17,1:00,Left-footed shot,Andres Iniesta,4,0,1,0
2016/17,UEFA Champions League,Group Stage,2016-10-19,H,FC Barcelona,Manchester City,4:00,RW,61,2:00,Left-footed shot,Andres Iniesta,4,0,2,0
2016/17,UEFA Champions League,Group Stage,2016-10-19,H,FC Barcelona,Manchester City,4:00,RW,69,3:00,Left-footed shot,Luis Suarez,4,0,3,0
2016/17,LaLiga,9,2016-10-22,A,FC Barcelona,Valencia CF,2:03,RW,22,0:01,Left-footed shot,Ivan Rakitic,2,3,0,1
2016/17,LaLiga,9,2016-10-22,A,FC Barcelona,Valencia CF,2:03,RW,90+4,2:03,Penalty,No assist,2,3,2,3
2016/17,UEFA Champions League,Group Stage,2016-11-01,A,FC Barcelona,Manchester City,3:01,RW ,21,0:01,Left-footed shot,Neymar,3,1,0,1
2016/17,LaLiga,11,2016-11-06,A,FC Barcelona,Sevilla FC,1:02,RW ,43,1:01,Left-footed shot,Neymar,1,2,1,1
2016/17,UEFA Champions League,Group Stage,2016-11-23,A,FC Barcelona,Celtic FC,0:02,RW ,24,0:01,Left-footed shot,Neymar,0,2,0,1
2016/17,UEFA Champions League,Group Stage,2016-11-23,A,FC Barcelona,Celtic FC,0:02,RW ,55,0:02,Penalty,No assist,0,2,0,2
2016/17,LaLiga,13,2016-11-27,A,FC Barcelona,Real Sociedad,1:01,RW ,59,1:01,Left-footed shot,Neymar,1,1,1,1
2016/17,UEFA Champions League,Group Stage,2016-12-06,H,FC Barcelona,Borussia MÃÂ¶nchengladbach,4:00,RW,16,1:00,Left-footed shot,Arda Turan,4,0,1,0
2016/17,LaLiga,15,2016-12-10,A,FC Barcelona,CA Osasuna,0:03,RW,72,0:02,Left-footed shot,Jordi Alba,0,3,0,2
2016/17,LaLiga,15,2016-12-10,A,FC Barcelona,CA Osasuna,0:03,RW,90+2,0:03,Left-footed shot,Sergio Busquets,0,3,0,3
2016/17,LaLiga,16,2016-12-18,H,FC Barcelona,RCD Espanyol Barcelona,4:01,RW,90,4:01,Left-footed shot,Luis Suarez,4,1,4,1
2016/17,Copa del Rey,last 16,2017-01-05,A,FC Barcelona,Athletic Bilbao,2:01,RW,52,2:01,Direct free kick,No assist,2,1,2,1
2016/17,LaLiga,17,2017-01-08,A,FC Barcelona,Villarreal CF,1:01,RW,90,1:01,Direct free kick,No assist,1,1,1,1
2016/17,Copa del Rey,last 16,2017-01-11,H,FC Barcelona,Athletic Bilbao,3:01,RW,78,3:01,Direct free kick,No assist,3,1,3,1
2016/17,LaLiga,18,2017-01-14,H,FC Barcelona,UD Las Palmas,5:00,RW ,52,2:00,Right-footed shot,No assist,5,0,2,0
2016/17,LaLiga,19,2017-01-22,A,FC Barcelona,SD Eibar,0:04,RW ,50,0:02,Left-footed shot,Luis Suarez,0,4,0,2
2016/17,Copa del Rey,Quarter-Finals,2017-01-26,H,FC Barcelona,Real Sociedad,5:02,RW ,55,2:00,Penalty,No assist,5,2,2,0
2016/17,Copa del Rey,Semi-Finals,2017-02-01,A,FC Barcelona,Atletico de Madrid,1:02,RW ,33,0:02,Left-footed shot,Ivan Rakitic,1,2,0,2
2016/17,LaLiga,21,2017-02-04,H,FC Barcelona,Athletic Bilbao,3:00,RW ,40,2:00,Direct free kick,No assist,3,0,2,0
2016/17,LaLiga,22,2017-02-11,A,FC Barcelona,Deportivo Alaves,0:06,RW ,59,0:03,Left-footed shot,Neymar,0,6,0,3
2016/17,LaLiga,23,2017-02-19,H,FC Barcelona,CD Leganes,2:01,RW,4,1:00,Right-footed shot,Luis Suarez,2,1,1,0
2016/17,LaLiga,23,2017-02-19,H,FC Barcelona,CD Leganes,2:01,RW,90,2:01,Penalty,No assist,2,1,2,1
2016/17,LaLiga,24,2017-02-26,A,FC Barcelona,Atletico de Madrid,1:02,RW,86,1:02,Left-footed shot,No assist,1,2,1,2
2016/17,LaLiga,25,2017-03-01,H,FC Barcelona,Sporting GijÃÂ³n,6:01,RW ,9,1:00,Header,Javier Mascherano,6,1,1,0
2016/17,LaLiga,26,2017-03-04,H,FC Barcelona,Celta de Vigo,5:00,AM ,24,1:00,Left-footed shot,Sergio Busquets,5,0,1,0
2016/17,LaLiga,26,2017-03-04,H,FC Barcelona,Celta de Vigo,5:00,AM ,64,5:00,Left-footed shot,No assist,5,0,5,0
2016/17,UEFA Champions League,last 16,2017-03-08,H,FC Barcelona,Paris Saint-Germain,6:01,AM,50,3:00,Penalty,No assist,6,1,3,0
2016/17,LaLiga,28,2017-03-19,H,FC Barcelona,Valencia CF,4:02,AM,45,2:01,Penalty,No assist,4,2,2,1
2016/17,LaLiga,28,2017-03-19,H,FC Barcelona,Valencia CF,4:02,AM,53,3:02,Right-footed shot,Javier Mascherano,4,2,3,2
2016/17,LaLiga,30,2017-04-05,H,FC Barcelona,Sevilla FC,3:00,RW,28,2:00,Right-footed shot,Luis Suarez,3,0,2,0
2016/17,LaLiga,30,2017-04-05,H,FC Barcelona,Sevilla FC,3:00,RW,33,3:00,Left-footed shot,No assist,3,0,3,0
2016/17,LaLiga,32,2017-04-15,H,FC Barcelona,Real Sociedad,3:02,RW ,17,1:00,Left-footed shot,Luis Suarez,3,2,1,0
2016/17,LaLiga,32,2017-04-15,H,FC Barcelona,Real Sociedad,3:02,RW ,37,2:00,Tap-in,No assist,3,2,2,0
2016/17,LaLiga,33,2017-04-23,A,FC Barcelona,Real Madrid,2:03,RW,33,1:01,Left-footed shot,Ivan Rakitic,2,3,1,1
2016/17,LaLiga,33,2017-04-23,A,FC Barcelona,Real Madrid,2:03,RW,90+2,2:03,Left-footed shot,Jordi Alba,2,3,2,3
2016/17,LaLiga,34,2017-04-26,H,FC Barcelona,CA Osasuna,7:01,AM ,12,1:00,Left-footed shot,No assist,7,1,1,0
2016/17,LaLiga,34,2017-04-26,H,FC Barcelona,CA Osasuna,7:01,AM ,61,4:01,Left-footed shot,Ivan Rakitic,7,1,4,1
2016/17,LaLiga,36,2017-05-06,H,FC Barcelona,Villarreal CF,4:01,RW,45,2:01,Left-footed shot,Sergio Busquets,4,1,2,1
2016/17,LaLiga,36,2017-05-06,H,FC Barcelona,Villarreal CF,4:01,RW,82,4:01,Penalty,No assist,4,1,4,1
2016/17,LaLiga,38,2017-05-21,H,FC Barcelona,SD Eibar,4:02,RW,75,3:02,Penalty,No assist,4,2,3,2
2016/17,LaLiga,38,2017-05-21,H,FC Barcelona,SD Eibar,4:02,RW,90+2,4:02,Right-footed shot,No assist,4,2,4,2
2016/17,Copa del Rey,Final,2017-05-27,H,FC Barcelona,Deportivo Alaves,3:01,RW,30,1:00,Left-footed shot,Neymar,3,1,1,0
2017/18,Supercopa,final,2017-08-13,H,FC Barcelona,Real Madrid,1:03,RW,77,1:01,Penalty,No assist,1,3,1,1
2017/18,LaLiga,2,2017-08-26,A,FC Barcelona,Deportivo Alaves,0:02,CF,55,0:01,Left-footed shot,Jordi Alba,0,2,0,1
2017/18,LaLiga,2,2017-08-26,A,FC Barcelona,Deportivo Alaves,0:02,CF,66,0:02,Left-footed shot,Paco Alcacer,0,2,0,2
2017/18,LaLiga,3,2017-09-09,H,FC Barcelona,RCD Espanyol Barcelona,5:00,CF,26,1:00,Left-footed shot,Ivan Rakitic,5,0,1,0
2017/18,LaLiga,3,2017-09-09,H,FC Barcelona,RCD Espanyol Barcelona,5:00,CF,35,2:00,Right-footed shot,Jordi Alba,5,0,2,0
2017/18,LaLiga,3,2017-09-09,H,FC Barcelona,RCD Espanyol Barcelona,5:00,CF,67,3:00,Left-footed shot,Jordi Alba,5,0,3,0
2017/18,UEFA Champions League,Group Stage,2017-09-12,H,FC Barcelona,Juventus FC,3:00,CF,45,1:00,Left-footed shot,Luis Suarez,3,0,1,0
2017/18,UEFA Champions League,Group Stage,2017-09-12,H,FC Barcelona,Juventus FC,3:00,CF,69,3:00,Left-footed shot,No assist,3,0,3,0
2017/18,LaLiga,5,2017-09-19,H,FC Barcelona,SD Eibar,6:01,CF,21,1:00,Penalty,No assist,6,1,1,0
2017/18,LaLiga,5,2017-09-19,H,FC Barcelona,SD Eibar,6:01,CF,59,4:01,Left-footed shot,Sergio Busquets,6,1,4,1
2017/18,LaLiga,5,2017-09-19,H,FC Barcelona,SD Eibar,6:01,CF,62,5:01,Left-footed shot,Paulinho,6,1,5,1
2017/18,LaLiga,5,2017-09-19,H,FC Barcelona,SD Eibar,6:01,CF,87,6:01,Left-footed shot,Aleix Vidal,6,1,6,1
2017/18,LaLiga,7,2017-10-01,H,FC Barcelona,UD Las Palmas,3:00,SS,70,2:00,Left-footed shot,Denis Suarez,3,0,2,0
2017/18,LaLiga,7,2017-10-01,H,FC Barcelona,UD Las Palmas,3:00,SS,77,3:00,Left-footed shot,Luis Suarez,3,0,3,0
2017/18,UEFA Champions League,Group Stage,2017-10-18,H,FC Barcelona,Olympiacos Piraeus,3:01,CF,61,2:00,Direct free kick,No assist,3,1,2,0
2017/18,LaLiga,10,2017-10-28,A,FC Barcelona,Athletic Bilbao,0:02,SS ,37,0:01,Left-footed shot,Jordi Alba,0,2,0,1
2017/18,LaLiga,14,2017-12-02,H,FC Barcelona,Celta de Vigo,2:02,SS,22,1:01,Left-footed shot,Paulinho,2,2,1,1
2017/18,LaLiga,15,2017-12-10,A,FC Barcelona,Villarreal CF,0:02,RW ,83,0:02,Left-footed shot,Sergio Busquets,0,2,0,2
2017/18,LaLiga,17,2017-12-23,A,FC Barcelona,Real Madrid,0:03,SS,64,0:02,Penalty,No assist,0,3,0,2
2017/18,LaLiga,18,2018-01-07,H,FC Barcelona,Levante UD,3:00,SS,12,1:00,Left-footed shot,Jordi Alba,3,0,1,0
2017/18,Copa del Rey,last 16,2018-01-11,H,FC Barcelona,Celta de Vigo,5:00,SS,13,1:00,Left-footed shot,Jordi Alba,5,0,1,0
2017/18,Copa del Rey,last 16,2018-01-11,H,FC Barcelona,Celta de Vigo,5:00,SS,15,2:00,Left-footed shot,Jordi Alba,5,0,2,0
2017/18,LaLiga,19,2018-01-14,A,FC Barcelona,Real Sociedad,2:04,SS ,85,2:04,Direct free kick,No assist,2,4,2,4
2017/18,LaLiga,20,2018-01-21,A,FC Barcelona,Real Betis Balompie,0:05,SS ,64,0:02,Left-footed shot,Sergio Busquets,0,5,0,2
2017/18,LaLiga,20,2018-01-21,A,FC Barcelona,Real Betis Balompie,0:05,SS ,80,0:04,Left-footed shot,Luis Suarez,0,5,0,4
2017/18,Copa del Rey,Quarter-Finals,2018-01-25,H,FC Barcelona,RCD Espanyol Barcelona,2:00,SS,25,2:00,Deflected shot on goal,No assist,2,0,2,0
2017/18,LaLiga,21,2018-01-28,H,FC Barcelona,Deportivo Alaves,2:01,SS,84,2:01,Direct free kick,No assist,2,1,2,1
2017/18,UEFA Champions League,last 16,2018-02-20,A,FC Barcelona,Chelsea FC,1:01,SS,75,1:01,Left-footed shot,Andres Iniesta,1,1,1,1
2017/18,LaLiga,25,2018-02-24,H,FC Barcelona,Girona FC,6:01,SS ,30,2:01,Left-footed shot,Luis Suarez,6,1,2,1
2017/18,LaLiga,25,2018-02-24,H,FC Barcelona,Girona FC,6:01,SS ,36,3:01,Direct free kick,No assist,6,1,3,1
2017/18,LaLiga,26,2018-03-01,A,FC Barcelona,UD Las Palmas,1:01,SS,21,0:01,Direct free kick,No assist,1,1,0,1
2017/18,LaLiga,27,2018-03-04,H,FC Barcelona,Atletico de Madrid,1:00,SS,26,1:00,Direct free kick,No assist,1,0,1,0
2017/18,UEFA Champions League,last 16,2018-03-14,H,FC Barcelona,Chelsea FC,3:00,SS,3,1:00,Right-footed shot,Luis Suarez,3,0,1,0
2017/18,UEFA Champions League,last 16,2018-03-14,H,FC Barcelona,Chelsea FC,3:00,SS,63,3:00,Left-footed shot,Luis Suarez,3,0,3,0
2017/18,LaLiga,29,2018-03-18,H,FC Barcelona,Athletic Bilbao,2:00,SS ,30,2:00,Left-footed shot,Ousmane Dembele,2,0,2,0
2017/18,LaLiga,30,2018-03-31,A,FC Barcelona,Sevilla FC,2:02,RW,89,2:02,Left-footed shot,Philippe Coutinho,2,2,2,2
2017/18,LaLiga,31,2018-04-07,H,FC Barcelona,CD Leganes,3:01,SS ,27,1:00,Direct free kick,No assist,3,1,1,0
2017/18,LaLiga,31,2018-04-07,H,FC Barcelona,CD Leganes,3:01,SS ,32,2:00,Left-footed shot,Philippe Coutinho,3,1,2,0
2017/18,LaLiga,31,2018-04-07,H,FC Barcelona,CD Leganes,3:01,SS ,87,3:01,Left-footed shot,Ousmane Dembele,3,1,3,1
2017/18,Copa del Rey,Final,2018-04-21,A,FC Barcelona,Sevilla FC,0:05,SS,31,0:02,Left-footed shot,Jordi Alba,0,5,0,2
2017/18,LaLiga,35,2018-04-29,A,FC Barcelona,Deportivo de La Coruaa,2:04,CF ,38,0:02,Left-footed shot,Luis Suarez,2,4,0,2
2017/18,LaLiga,35,2018-04-29,A,FC Barcelona,Deportivo de La Coruaa,2:04,CF ,82,2:03,Right-footed shot,Luis Suarez,2,4,2,3
2017/18,LaLiga,35,2018-04-29,A,FC Barcelona,Deportivo de La Coruaa,2:04,CF ,85,2:04,Left-footed shot,Luis Suarez,2,4,2,4
2017/18,LaLiga,36,2018-05-06,H,FC Barcelona,Real Madrid,2:02,SS,52,2:01,Left-footed shot,Luis Suarez,2,2,2,1
2017/18,LaLiga,34,2018-05-09,H,FC Barcelona,Villarreal CF,5:01,CF,45,3:00,Left-footed shot,Andres Iniesta,5,1,3,0
2018/19,LaLiga,1,2018-08-18,H,FC Barcelona,Deportivo Alaves,3:00,RW ,64,1:00,Direct free kick,No assist,3,0,1,0
2018/19,LaLiga,1,2018-08-18,H,FC Barcelona,Deportivo Alaves,3:00,RW ,90+2,3:00,Left-footed shot,Luis Suarez,3,0,3,0
2018/19,LaLiga,3,2018-09-02,H,FC Barcelona,SD Huesca,8:02,RW ,16,1:01,Right-footed shot,Ivan Rakitic,8,2,1,1
2018/19,LaLiga,3,2018-09-02,H,FC Barcelona,SD Huesca,8:02,RW ,61,6:02,Left-footed shot,Philippe Coutinho,8,2,6,2
2018/19,UEFA Champions League,Group Stage,2018-09-18,H,FC Barcelona,PSV Eindhoven,4:00,RW ,31,1:00,Direct free kick,No assist,4,0,1,0
2018/19,UEFA Champions League,Group Stage,2018-09-18,H,FC Barcelona,PSV Eindhoven,4:00,RW ,77,3:00,Left-footed shot,Ivan Rakitic,4,0,3,0
2018/19,UEFA Champions League,Group Stage,2018-09-18,H,FC Barcelona,PSV Eindhoven,4:00,RW ,87,4:00,Right-footed shot,Luis Suarez,4,0,4,0
2018/19,LaLiga,5,2018-09-23,H,FC Barcelona,Girona FC,2:02,RW ,19,1:00,Left-footed shot,Arturo Vidal,2,2,1,0
2018/19,UEFA Champions League,Group Stage,2018-10-03,A,FC Barcelona,Tottenham Hotspur,2:04,RW ,56,1:03,Left-footed shot,Jordi Alba,2,4,1,3
2018/19,UEFA Champions League,Group Stage,2018-10-03,A,FC Barcelona,Tottenham Hotspur,2:04,RW ,90,2:04,Left-footed shot,Jordi Alba,2,4,2,4
2018/19,LaLiga,8,2018-10-07,A,FC Barcelona,Valencia CF,1:01,RW ,23,1:01,Left-footed shot,Luis Suarez,1,1,1,1
2018/19,LaLiga,9,2018-10-20,H,FC Barcelona,Sevilla FC,4:02,RW ,12,2:00,Left-footed shot,Luis Suarez,4,2,2,0
2018/19,LaLiga,12,2018-11-11,H,FC Barcelona,Real Betis Balompie,3:04,SS ,68,1:02,Penalty,No assist,3,4,1,2
2018/19,LaLiga,12,2018-11-11,H,FC Barcelona,Real Betis Balompie,3:04,SS ,90+4,3:04,Left-footed shot,Arturo Vidal,3,4,3,4
2018/19,UEFA Champions League,Group Stage,2018-11-28,A,FC Barcelona,PSV Eindhoven,1:02,CF ,61,0:01,Left-footed shot,Ousmane Dembele,1,2,0,1
2018/19,LaLiga,15,2018-12-08,A,FC Barcelona,RCD Espanyol Barcelona,0:04,RW ,17,0:01,Direct free kick,No assist,0,4,0,1
2018/19,LaLiga,15,2018-12-08,A,FC Barcelona,RCD Espanyol Barcelona,0:04,RW ,65,0:04,Direct free kick,No assist,0,4,0,4
2018/19,LaLiga,16,2018-12-16,A,FC Barcelona,Levante UD,0:05,SS ,43,0:02,Right-footed shot,Sergio Busquets,0,5,0,2
2018/19,LaLiga,16,2018-12-16,A,FC Barcelona,Levante UD,0:05,SS ,47,0:03,Left-footed shot,No assist,0,5,0,3
2018/19,LaLiga,16,2018-12-16,A,FC Barcelona,Levante UD,0:05,SS ,60,0:04,Left-footed shot,Arturo Vidal,0,5,0,4
2018/19,LaLiga,17,2018-12-22,H,FC Barcelona,Celta de Vigo,2:00,RW ,45,2:00,Left-footed shot,Jordi Alba,2,0,2,0
2018/19,LaLiga,18,2019-01-06,A,FC Barcelona,Getafe CF,1:02,RW ,20,0:01,Left-footed shot,No assist,1,2,0,1
2018/19,LaLiga,19,2019-01-13,H,FC Barcelona,SD Eibar,3:00,RW ,53,2:00,Left-footed shot,Luis Suarez,3,0,2,0
2018/19,Copa del Rey,last 16,2019-01-17,H,FC Barcelona,Levante UD,3:00,CF ,54,3:00,Left-footed shot,Nelson Semedo,3,0,3,0
2018/19,LaLiga,20,2019-01-20,H,FC Barcelona,CD Leganes,3:01,SS,90+2,3:01,Right-footed shot,Jordi Alba,3,1,3,1
2018/19,LaLiga,21,2019-01-27,A,FC Barcelona,Girona FC,0:02,RW ,69,0:02,Left-footed shot,Jordi Alba,0,2,0,2
2018/19,Copa del Rey,Quarter-Finals,2019-01-30,H,FC Barcelona,Sevilla FC,6:01,RW ,90+2,6:01,Left-footed shot,Jordi Alba,6,1,6,1
2018/19,LaLiga,22,2019-02-02,H,FC Barcelona,Valencia CF,2:02,RW ,39,1:02,Penalty,No assist,2,2,1,2
2018/19,LaLiga,22,2019-02-02,H,FC Barcelona,Valencia CF,2:02,RW ,64,2:02,Left-footed shot,Arturo Vidal,2,2,2,2
2018/19,LaLiga,24,2019-02-16,H,FC Barcelona,Real Valladolid CF,1:00,RW ,43,1:00,Penalty,No assist,1,0,1,0
2018/19,LaLiga,25,2019-02-23,A,FC Barcelona,Sevilla FC,2:04,RW ,26,1:01,Left-footed shot,Ivan Rakitic,2,4,1,1
2018/19,LaLiga,25,2019-02-23,A,FC Barcelona,Sevilla FC,2:04,RW ,67,2:02,Right-footed shot,Ousmane Dembele,2,4,2,2
2018/19,LaLiga,25,2019-02-23,A,FC Barcelona,Sevilla FC,2:04,RW ,85,2:03,Left-footed shot,No assist,2,4,2,3
2018/19,LaLiga,27,2019-03-09,H,FC Barcelona,Rayo Vallecano,3:01,RW ,51,2:01,Penalty,No assist,3,1,2,1
2018/19,UEFA Champions League,last 16,2019-03-13,H,FC Barcelona,Olympique Lyon,5:01,RW ,18,1:00,Penalty,No assist,5,1,1,0
2018/19,UEFA Champions League,last 16,2019-03-13,H,FC Barcelona,Olympique Lyon,5:01,RW ,78,3:01,Right-footed shot,Sergio Busquets,5,1,3,1
2018/19,LaLiga,28,2019-03-17,A,FC Barcelona,Real Betis Balompie,1:04,SS ,18,0:01,Direct free kick,No assist,1,4,0,1
2018/19,LaLiga,28,2019-03-17,A,FC Barcelona,Real Betis Balompie,1:04,SS ,45+2,0:02,Left-footed shot,Luis Suarez,1,4,0,2
2018/19,LaLiga,28,2019-03-17,A,FC Barcelona,Real Betis Balompie,1:04,SS ,85,1:04,Left-footed shot,Ivan Rakitic,1,4,1,4
2018/19,LaLiga,29,2019-03-30,H,FC Barcelona,RCD Espanyol Barcelona,2:00,RW ,71,1:00,Direct free kick,No assist,2,0,1,0
2018/19,LaLiga,29,2019-03-30,H,FC Barcelona,RCD Espanyol Barcelona,2:00,RW ,89,2:00,Left-footed shot,Malcom,2,0,2,0
2018/19,LaLiga,30,2019-04-02,A,FC Barcelona,Villarreal CF,4:04,RW,90,4:03,Direct free kick,No assist,4,4,4,3
2018/19,LaLiga,31,2019-04-06,H,FC Barcelona,Atletico de Madrid,2:00,SS ,87,2:00,Left-footed shot,No assist,2,0,2,0
2018/19,UEFA Champions League,Quarter-Finals,2019-04-16,H,FC Barcelona,Manchester United,3:00,RW ,16,1:00,Left-footed shot,No assist,3,0,1,0
2018/19,UEFA Champions League,Quarter-Finals,2019-04-16,H,FC Barcelona,Manchester United,3:00,RW ,20,2:00,Right-footed shot,No assist,3,0,2,0
2018/19,LaLiga,35,2019-04-27,H,FC Barcelona,Levante UD,1:00,RW,62,1:00,Left-footed shot,Arturo Vidal,1,0,1,0
2018/19,UEFA Champions League,Semi-Finals,2019-05-01,H,FC Barcelona,Liverpool FC,3:00,RW ,75,2:00,Left-footed shot,Luis Suarez,3,0,2,0
2018/19,UEFA Champions League,Semi-Finals,2019-05-01,H,FC Barcelona,Liverpool FC,3:00,RW ,82,3:00,Direct free kick,No assist,3,0,3,0
2018/19,LaLiga,38,2019-05-19,A,FC Barcelona,SD Eibar,2:02,CF ,31,1:01,Left-footed shot,Arturo Vidal,2,2,1,1
2018/19,LaLiga,38,2019-05-19,A,FC Barcelona,SD Eibar,2:02,CF ,32,1:02,Left-footed shot,Ivan Rakitic,2,2,1,2
2018/19,Copa del Rey,Final,2019-05-25,H,FC Barcelona,Valencia CF,1:02,CF ,73,1:02,Left-footed shot,Clement Lenglet,1,2,1,2
2019/20,LaLiga,8,2019-10-06,H,FC Barcelona,Sevilla FC,4:00,RW ,78,4:00,Direct free kick,No assist,4,0,4,0
2019/20,LaLiga,9,2019-10-19,A,FC Barcelona,SD Eibar,0:03,RW ,58,0:02,Left-footed shot,Antoine Griezmann,0,3,0,2
2019/20,UEFA Champions League,Group Stage,2019-10-23,A,FC Barcelona,SK Slavia Prague,1:02,RW ,3,0:01,Left-footed shot,Arthur,1,2,0,1
2019/20,LaLiga,11,2019-10-29,H,FC Barcelona,Real Valladolid CF,5:01,RW ,34,3:01,Direct free kick,No assist,5,1,3,1
2019/20,LaLiga,11,2019-10-29,H,FC Barcelona,Real Valladolid CF,5:01,RW ,75,4:01,Left-footed shot,Ivan Rakitic,5,1,4,1
2019/20,LaLiga,12,2019-11-02,A,FC Barcelona,Levante UD,3:01,RW ,38,0:01,Penalty,No assist,3,1,0,1
2019/20,LaLiga,13,2019-11-09,H,FC Barcelona,Celta de Vigo,4:01,RW ,23,1:00,Penalty,No assist,4,1,1,0
2019/20,LaLiga,13,2019-11-09,H,FC Barcelona,Celta de Vigo,4:01,RW ,45+1,2:01,Direct free kick,No assist,4,1,2,1
2019/20,LaLiga,13,2019-11-09,H,FC Barcelona,Celta de Vigo,4:01,RW ,48,3:01,Direct free kick,No assist,4,1,3,1
2019/20,UEFA Champions League,Group Stage,2019-11-27,H,FC Barcelona,Borussia Dortmund,3:01,RW ,33,2:00,Left-footed shot,Luis Suarez,3,1,2,0
2019/20,LaLiga,15,2019-12-01,A,FC Barcelona,Atletico de Madrid,0:01,RW ,86,0:01,Left-footed shot,Luis Suarez,0,1,0,1
2019/20,LaLiga,16,2019-12-07,H,FC Barcelona,RCD Mallorca,5:02,RW ,17,2:00,Left-footed shot,Antoine Griezmann,5,2,2,0
2019/20,LaLiga,16,2019-12-07,H,FC Barcelona,RCD Mallorca,5:02,RW ,41,3:01,Left-footed shot,Ivan Rakitic,5,2,3,1
2019/20,LaLiga,16,2019-12-07,H,FC Barcelona,RCD Mallorca,5:02,RW ,83,5:02,Left-footed shot,Luis Suarez,5,2,5,2
2019/20,LaLiga,18,2019-12-21,H,FC Barcelona,Deportivo Alaves,4:01,RW ,69,3:01,Left-footed shot,Luis Suarez,4,1,3,1
2019/20,Supercopa,Semi-Finals,2020-01-09,H,FC Barcelona,Atletico de Madrid,2:03,RW ,51,1:01,Right-footed shot,Luis Suarez,2,3,1,1
2019/20,LaLiga,20,2020-01-19,H,FC Barcelona,Granada CF,1:00,CF ,76,1:00,Right-footed shot,Arturo Vidal,1,0,1,0
2019/20,Copa del Rey,Round of 16,2020-01-30,H,FC Barcelona,CD Leganes,5:00,RW ,59,3:00,Left-footed shot,Frenkie de Jong,5,0,3,0
2019/20,Copa del Rey,Round of 16,2020-01-30,H,FC Barcelona,CD Leganes,5:00,RW ,89,5:00,Left-footed shot,Ivan Rakitic,5,0,5,0
2019/20,LaLiga,25,2020-02-22,H,FC Barcelona,SD Eibar,5:00,SS ,14,1:00,Left-footed shot,Ivan Rakitic,5,0,1,0
2019/20,LaLiga,25,2020-02-22,H,FC Barcelona,SD Eibar,5:00,SS ,37,2:00,Left-footed shot,Arturo Vidal,5,0,2,0
2019/20,LaLiga,25,2020-02-22,H,FC Barcelona,SD Eibar,5:00,SS ,40,3:00,Left-footed shot,No assist,5,0,3,0
2019/20,LaLiga,25,2020-02-22,H,FC Barcelona,SD Eibar,5:00,SS ,87,4:00,Left-footed shot,No assist,5,0,4,0
2019/20,LaLiga,27,2020-03-07,H,FC Barcelona,Real Sociedad,1:00,CF ,81,1:00,Penalty,No assist,1,0,1,0
2019/20,LaLiga,28,2020-06-13,A,FC Barcelona,RCD Mallorca,0:04,RW ,90+3,0:04,Right-footed shot,Luis Suarez,0,4,0,4
2019/20,LaLiga,29,2020-06-16,H,FC Barcelona,CD Leganes,2:00,RW ,69,2:00,Penalty,No assist,2,0,2,0
2019/20,LaLiga,33,2020-06-30,H,FC Barcelona,Atletico de Madrid,2:02,SS ,50,2:01,Penalty,No assist,2,2,2,1
2019/20,LaLiga,37,2020-07-16,H,FC Barcelona,CA Osasuna,1:02,RW ,62,1:01,Direct free kick,No assist,1,2,1,1
2019/20,LaLiga,38,2020-07-19,A,FC Barcelona,Deportivo Alaves,0:05,RW ,34,0:02,Left-footed shot,Riqui Puig,0,5,0,2
2019/20,LaLiga,38,2020-07-19,A,FC Barcelona,Deportivo Alaves,0:05,RW ,75,0:05,Left-footed shot,Jordi Alba,0,5,0,5
2019/20,UEFA Champions League,last 16,2020-08-08,H,FC Barcelona,SSC Napoli,3:01,SS ,23,2:00,Left-footed shot,No assist,3,1,2,0
2020/21,LaLiga,3,2020-09-27,H,FC Barcelona,Villarreal CF,4:00,CF ,35,3:00,Penalty,No assist,4,0,3,0
2020/21,UEFA Champions League,Group Stage,2020-10-20,H,FC Barcelona,Ferencvarosi TC,5:01,CF ,27,1:00,Penalty,No assist,5,1,1,0
2020/21,UEFA Champions League,Group Stage,2020-10-28,A,FC Barcelona,Juventus FC,0:02,CF ,90+1,0:02,Penalty,No assist,0,2,0,2
2020/21,UEFA Champions League,Group Stage,2020-11-04,H,FC Barcelona,Dynamo Kyiv,2:01,RW ,5,1:00,Penalty,No assist,2,1,1,0
2020/21,LaLiga,9,2020-11-07,H,FC Barcelona,Real Betis Balompie,5:02,CF,61,3:01,Penalty,No assist,5,2,3,1
2020/21,LaLiga,9,2020-11-07,H,FC Barcelona,Real Betis Balompie,5:02,CF,82,4:02,Left-footed shot,Sergi Roberto,5,2,4,2
2020/21,LaLiga,11,2020-11-29,H,FC Barcelona,CA Osasuna,4:00,RW ,73,4:00,Left-footed shot,Francisco TrincÃÂ£o,4,0,4,0
2020/21,LaLiga,13,2020-12-13,H,FC Barcelona,Levante UD,1:00,CF ,76,1:00,Left-footed shot,Frenkie de Jong,1,0,1,0
2020/21,LaLiga,14,2020-12-19,H,FC Barcelona,Valencia CF,2:02,CF ,45+4,1:01,Header,No assist,2,2,1,1
2020/21,LaLiga,15,2020-12-22,A,FC Barcelona,Real Valladolid CF,0:03,AM ,65,0:03,Left-footed shot,Pedri,0,3,0,3
2020/21,LaLiga,2,2021-01-06,A,FC Barcelona,Athletic Bilbao,2:03,CF ,38,1:02,Left-footed shot,Pedri,2,3,1,2
2020/21,LaLiga,2,2021-01-06,A,FC Barcelona,Athletic Bilbao,2:03,CF ,62,1:03,Left-footed shot,Antoine Griezmann,2,3,1,3
2020/21,LaLiga,18,2021-01-09,A,FC Barcelona,Granada CF,0:04,CF ,35,0:02,Left-footed shot,Antoine Griezmann,0,4,0,2
2020/21,LaLiga,18,2021-01-09,A,FC Barcelona,Granada CF,0:04,CF ,42,0:03,Direct free kick,No assist,0,4,0,3
2020/21,Copa del Rey,Round of 16,2021-01-27,A,FC Barcelona,Rayo Vallecano,1:02,CF ,69,1:01,Left-footed shot,Antoine Griezmann,1,2,1,1
2020/21,LaLiga,21,2021-01-31,H,FC Barcelona,Athletic Bilbao,2:01,CF ,20,1:00,Direct free kick,No assist,2,1,1,0
2020/21,LaLiga,22,2021-02-07,A,FC Barcelona,Real Betis Balompie,2:03,CF,59,1:01,Left-footed shot,Ousmane Dembele,2,3,1,1
2020/21,LaLiga,23,2021-02-13,H,FC Barcelona,Deportivo Alaves,5:01,CF ,45+1,2:00,Left-footed shot,Sergio Busquets,5,1,2,0
2020/21,LaLiga,23,2021-02-13,H,FC Barcelona,Deportivo Alaves,5:01,CF ,75,4:01,Left-footed shot,Antoine Griezmann,5,1,4,1
2020/21,UEFA Champions League,last 16,2021-02-16,H,FC Barcelona,Paris Saint-Germain,1:04,CF ,27,1:00,Penalty,No assist,1,4,1,0
2020/21,LaLiga,24,2021-02-21,H,FC Barcelona,Cadiz CF,1:01,CF ,32,1:00,Penalty,No assist,1,1,1,0
2020/21,LaLiga,1,2021-02-24,H,FC Barcelona,Elche CF,3:00,CF ,48,1:00,Left-footed shot,Martin Braithwaite,3,0,1,0
2020/21,LaLiga,1,2021-02-24,H,FC Barcelona,Elche CF,3:00,CF ,68,2:00,Left-footed shot,Frenkie de Jong,3,0,2,0
2020/21,LaLiga,25,2021-02-27,A,FC Barcelona,Sevilla FC,0:02,CF ,85,0:02,Right-footed shot,Ilaix Moriba,0,2,0,2
2020/21,UEFA Champions League,last 16,2021-03-10,A,FC Barcelona,Paris Saint-Germain,1:01,SS ,37,1:01,Long distance kick,Pedri,1,1,1,1
2020/21,LaLiga,27,2021-03-15,H,FC Barcelona,SD Huesca,4:01,SS ,13,1:00,Left-footed shot,Sergio Busquets,4,1,1,0
2020/21,LaLiga,27,2021-03-15,H,FC Barcelona,SD Huesca,4:01,SS ,90,4:01,Left-footed shot,Francisco TrincÃÂ£o,4,1,4,1
2020/21,LaLiga,28,2021-03-21,A,FC Barcelona,Real Sociedad,1:06,SS ,56,0:04,Left-footed shot,Sergio Busquets,1,6,0,4
2020/21,LaLiga,28,2021-03-21,A,FC Barcelona,Real Sociedad,1:06,SS ,89,1:06,Left-footed shot,Jordi Alba,1,6,1,6
2020/21,Copa del Rey,Final,2021-04-17,A,FC Barcelona,Athletic Bilbao,0:04,CF ,68,0:03,Left-footed shot,Frenkie de Jong,0,4,0,3
2020/21,Copa del Rey,Final,2021-04-17,A,FC Barcelona,Athletic Bilbao,0:04,CF ,72,0:04,Left-footed shot,Jordi Alba,0,4,0,4
2020/21,LaLiga,31,2021-04-22,H,FC Barcelona,Getafe CF,5:02,CF ,8,1:00,Left-footed shot,Sergio Busquets,5,2,1,0
2020/21,LaLiga,31,2021-04-22,H,FC Barcelona,Getafe CF,5:02,CF ,33,3:01,Left-footed shot,No assist,5,2,3,1
2020/21,LaLiga,33,2021-04-29,H,FC Barcelona,Granada CF,1:02,CF ,23,1:00,Left-footed shot,Antoine Griezmann,1,2,1,0
2020/21,LaLiga,34,2021-05-02,A,FC Barcelona,Valencia CF,2:03,CF ,57,1:01,Left-footed shot,No assist,2,3,1,1
2020/21,LaLiga,34,2021-05-02,A,FC Barcelona,Valencia CF,2:03,CF ,69,1:03,Direct free kick,No assist,2,3,1,3
2020/21,LaLiga,36,2021-05-11,A,FC Barcelona,Levante UD,3:03,SS ,25,0:01,Left-footed shot,No assist,3,3,0,1
2020/21,LaLiga,37,2021-05-16,H,FC Barcelona,Celta de Vigo,1:02,SS ,28,1:00,Header,Sergio Busquets,1,2,1,0
2021/22,UEFA Champions League,Group Stage,2021-09-28,H,Paris Saint-Germain,Manchester City,2:00,RW,74,2:00,Left-footed shot,Kylian Mbappe,2,0,2,0
2021/22,UEFA Champions League,Group Stage,2021-10-19,H,Paris Saint-Germain,RB Leipzig,3:02,RW,67,2:02,Left-footed shot,Kylian Mbappe,3,2,2,2
2021/22,UEFA Champions League,Group Stage,2021-10-19,H,Paris Saint-Germain,RB Leipzig,3:02,RW,74,3:02,Penalty,No assist,3,2,3,2
2021/22,Ligue 1,14,2021-11-20,H,Paris Saint-Germain,FC Nantes,3:01,RW,87,3:01,Left-footed shot,Kylian Mbappe,3,1,3,1
2021/22,UEFA Champions League,Group Stage,2021-12-07,H,Paris Saint-Germain,Club Brugge KV,4:01,CF,38,3:00,Left-footed shot,Kylian Mbappe,4,1,3,0
2021/22,UEFA Champions League,Group Stage,2021-12-07,H,Paris Saint-Germain,Club Brugge KV,4:01,CF,76,4:01,Penalty,No assist,4,1,4,1
2021/22,Ligue 1,23,2022-02-06,A,Paris Saint-Germain,LOSC Lille,1:05,CF,38,1:03,Left-footed shot,No assist,1,5,1,3
2021/22,Ligue 1,30,2022-04-03,H,Paris Saint-Germain,FC Lorient,5:01,RW,73,4:01,Left-footed shot,Kylian Mbappe,5,1,4,1
2021/22,Ligue 1,34,2022-04-23,H,Paris Saint-Germain,RC Lens,1:01,RW,68,1:00,Left-footed shot,Neymar,1,1,1,0
2021/22,Ligue 1,37,2022-05-14,A,Paris Saint-Germain,Montpellier,0:04,CF,6,0:01,Left-footed shot,Kylian MbappÃ©,0,4,0,1
2021/22,Ligue 1,37,2022-05-14,A,Paris Saint-Germain,Montpellier,0:04,CF,20,0:02,Left-footed shot,Kylian MbappÃ©,0,4,0,2
2021/22,TrophÃ©e des Champions,Final,2022-07-31,H,Paris Saint-Germain,FC Nantes,4:00,CF,22',1:00,Right-footed shot	,No assist,4,0,1,0
2021/22,Ligue 1,1,2022-08-06,A,Paris Saint-Germain,Clermont Foot,0:05,CF,80',0:04,Left-footed shot,Neymar,0,5,0,4
2021/22,Ligue 1,1,2022-08-06,A,Paris Saint-Germain,Clermont Foot,0:05,CF,86',0:05,Left-footed shot,Leandro Paredes,0,5,0,5
2022/23,Trophée des Champions,Final,2022-07-31,H,Paris Saint-Germain,FC Nantes,4:00,CF,22',1:00,Right-footed shot,No assist,4,0,1,0
2022/23,Ligue 1,1,2022-08-06,A,Paris Saint-Germain,Clermont Foot  (9.),0:05,CF,80',0:04,Left-footed shot,Neymar,0,5,0,4
2022/23,Ligue 1,1,2022-08-06,A,Paris Saint-Germain,Clermont Foot  (9.),0:05,CF,86',0:05,Left-footed shot,Leandro Paredes,0,5,0,5
2022/23,Ligue 1,3,2022-08-21,A,Paris Saint-Germain,LOSC Lille  (3.),1:07,AM,27',0:02,Right-footed shot,Nuno Mendes,1,7,0,2
2022/23,Champions League,Group Stage,2022-09-14,A,Paris Saint-Germain,Maccabi Haifa,1:03,SS,37',1:01,Left-footed shot,No assist,1,3,1,1
2022/23,Ligue 1,8,2022-09-18,A,Paris Saint-Germain,Olympique Lyon  (5.),0:01,AM,5',0:01,Left-footed shot,Neymar,0,1,0,1
